complaint_id,category,amount_inr,hour_of_day,mule_hops,lead_time_minutes,nearest_cluster,station,officer,phone,lat,lng,hist_density,predicted_risk_score
NCRP-2026-10000,Impersonation / Vishing,18479,10,2,17,Connaught Place Financial Circle,New Delhi District Cyber Cell,ACP Rajesh Verma,+91 11 2374 8899,28.6226,77.21925,80.35,50.7
NCRP-2026-10001,Loan App Extortion,20033,20,2,28,Gurugram Cyber City Commercial Outlets,Cyber Crime Police Station East Gurugram,ACP Priyanshu Dewan,+91 124 221 1100,28.49144,77.09384,66.29,42.8
NCRP-2026-10002,Impersonation / Vishing,58167,11,2,20,Gurugram Cyber City Commercial Outlets,Cyber Crime Police Station East Gurugram,ACP Priyanshu Dewan,+91 124 221 1100,28.49319,77.08819,68.44,49.1
NCRP-2026-10003,Investment / Ponzi Fraud,10804,1,2,15,Noida Sector 18 Commercial Hub,Noida Cyber Police Station (Sec 108),DSP Sunil Kumar,+91 120 256 7890,28.55459,77.33496,77.35,47.9
NCRP-2026-10004,Loan App Extortion,28677,5,1,21,Gurugram Cyber City Commercial Outlets,Cyber Crime Police Station East Gurugram,ACP Priyanshu Dewan,+91 124 221 1100,28.50178,77.07973,68.27,49.1
NCRP-2026-10005,Impersonation / Vishing,137471,7,2,38,Gurugram Cyber City Commercial Outlets,Cyber Crime Police Station East Gurugram,ACP Priyanshu Dewan,+91 124 221 1100,28.49695,77.09655,68.1,54.8
NCRP-2026-10006,UPI / QR Code Scam,26490,12,1,38,Connaught Place Financial Circle,New Delhi District Cyber Cell,ACP Rajesh Verma,+91 11 2374 8899,28.62781,77.22516,85.55,52.6
NCRP-2026-10007,Impersonation / Vishing,133231,8,2,21,Rohini Sector 10 District Hub,North-West District Cyber Cell,Inspector Devendra Hooda,+91 11 2705 4433,28.71759,77.11948,74.26,56.3
NCRP-2026-10008,Investment / Ponzi Fraud,41953,4,4,36,Rohini Sector 10 District Hub,North-West District Cyber Cell,Inspector Devendra Hooda,+91 11 2705 4433,28.72258,77.11707,77.94,43.9
NCRP-2026-10009,Impersonation / Vishing,15708,6,2,70,Noida Sector 18 Commercial Hub,Noida Cyber Police Station (Sec 108),DSP Sunil Kumar,+91 120 256 7890,28.56761,77.32551,80.32,45.9
NCRP-2026-10010,Loan App Extortion,116208,9,3,45,Noida Sector 18 Commercial Hub,Noida Cyber Police Station (Sec 108),DSP Sunil Kumar,+91 120 256 7890,28.58378,77.33259,79.32,51.0
NCRP-2026-10011,Impersonation / Vishing,16510,6,3,44,Noida Sector 18 Commercial Hub,Noida Cyber Police Station (Sec 108),DSP Sunil Kumar,+91 120 256 7890,28.56805,77.33201,72.75,39.8
NCRP-2026-10012,UPI / QR Code Scam,37013,4,2,16,Janakpuri District Commercial Center,West District Cyber Police Station,Inspector Kuldeep Rawat,+91 11 2550 3322,28.62194,77.08592,68.73,48.9
NCRP-2026-10013,UPI / QR Code Scam,24176,6,2,15,Noida Sector 18 Commercial Hub,Noida Cyber Police Station (Sec 108),DSP Sunil Kumar,+91 120 256 7890,28.57068,77.32578,74.03,49.0
NCRP-2026-10014,Loan App Extortion,31161,0,1,27,Gurugram Cyber City Commercial Outlets,Cyber Crime Police Station East Gurugram,ACP Priyanshu Dewan,+91 124 221 1100,28.49167,77.08883,63.33,48.5
NCRP-2026-10015,UPI / QR Code Scam,91263,4,2,38,Laxmi Nagar / Shakarpur Hub,East Delhi Cyber Police Station,Inspector Vikramaditya Sharma,+91 11 2244 5566,28.61982,77.27195,96.76,59.4
NCRP-2026-10016,Loan App Extortion,107722,3,1,12,Laxmi Nagar / Shakarpur Hub,East Delhi Cyber Police Station,Inspector Vikramaditya Sharma,+91 11 2244 5566,28.64587,77.27795,88.27,64.5
NCRP-2026-10017,Part-Time Job / Task Fraud,100918,10,1,22,Gurugram Cyber City Commercial Outlets,Cyber Crime Police Station East Gurugram,ACP Priyanshu Dewan,+91 124 221 1100,28.49862,77.06974,70.22,55.1
NCRP-2026-10018,Investment / Ponzi Fraud,289349,11,2,25,Gurugram Cyber City Commercial Outlets,Cyber Crime Police Station East Gurugram,ACP Priyanshu Dewan,+91 124 221 1100,28.48152,77.09045,68.72,68.9
NCRP-2026-10019,UPI / QR Code Scam,14394,7,3,44,Rohini Sector 10 District Hub,North-West District Cyber Cell,Inspector Devendra Hooda,+91 11 2705 4433,28.72084,77.12444,82.15,45.3
NCRP-2026-10020,Investment / Ponzi Fraud,62772,8,1,27,Rohini Sector 10 District Hub,North-West District Cyber Cell,Inspector Devendra Hooda,+91 11 2705 4433,28.73083,77.11849,73.47,54.4
NCRP-2026-10021,Investment / Ponzi Fraud,32920,22,1,33,Rohini Sector 10 District Hub,North-West District Cyber Cell,Inspector Devendra Hooda,+91 11 2705 4433,28.70896,77.11587,75.24,49.9
NCRP-2026-10022,UPI / QR Code Scam,65270,0,1,16,Noida Sector 18 Commercial Hub,Noida Cyber Police Station (Sec 108),DSP Sunil Kumar,+91 120 256 7890,28.5812,77.31525,81.91,58.6
NCRP-2026-10023,UPI / QR Code Scam,26394,5,2,36,Laxmi Nagar / Shakarpur Hub,East Delhi Cyber Police Station,Inspector Vikramaditya Sharma,+91 11 2244 5566,28.63031,77.27882,87.71,51.1
NCRP-2026-10024,Part-Time Job / Task Fraud,25631,2,1,41,Laxmi Nagar / Shakarpur Hub,East Delhi Cyber Police Station,Inspector Vikramaditya Sharma,+91 11 2244 5566,28.6228,77.27252,88.37,58.0
NCRP-2026-10025,Part-Time Job / Task Fraud,77501,0,1,35,Rohini Sector 10 District Hub,North-West District Cyber Cell,Inspector Devendra Hooda,+91 11 2705 4433,28.72436,77.11511,82.12,58.9
NCRP-2026-10026,Loan App Extortion,90047,0,1,20,Janakpuri District Commercial Center,West District Cyber Police Station,Inspector Kuldeep Rawat,+91 11 2550 3322,28.62602,77.11862,71.49,56.4
NCRP-2026-10027,UPI / QR Code Scam,29886,21,2,21,Noida Sector 18 Commercial Hub,Noida Cyber Police Station (Sec 108),DSP Sunil Kumar,+91 120 256 7890,28.58592,77.32059,82.36,51.3
NCRP-2026-10028,Part-Time Job / Task Fraud,20807,14,2,26,Janakpuri District Commercial Center,West District Cyber Police Station,Inspector Kuldeep Rawat,+91 11 2550 3322,28.63158,77.08659,70.06,45.3
NCRP-2026-10029,Impersonation / Vishing,36292,0,2,23,Laxmi Nagar / Shakarpur Hub,East Delhi Cyber Police Station,Inspector Vikramaditya Sharma,+91 11 2244 5566,28.63444,77.28423,87.18,53.6
NCRP-2026-10030,Loan App Extortion,37201,11,2,19,Connaught Place Financial Circle,New Delhi District Cyber Cell,ACP Rajesh Verma,+91 11 2374 8899,28.64848,77.22496,80.95,52.6
NCRP-2026-10031,Part-Time Job / Task Fraud,41243,4,2,62,Laxmi Nagar / Shakarpur Hub,East Delhi Cyber Police Station,Inspector Vikramaditya Sharma,+91 11 2244 5566,28.62601,77.28607,93.29,53.3
NCRP-2026-10032,Loan App Extortion,63748,3,2,33,Rohini Sector 10 District Hub,North-West District Cyber Cell,Inspector Devendra Hooda,+91 11 2705 4433,28.72521,77.11478,78.7,50.7
NCRP-2026-10033,Impersonation / Vishing,49440,4,2,36,Connaught Place Financial Circle,New Delhi District Cyber Cell,ACP Rajesh Verma,+91 11 2374 8899,28.62658,77.23359,86.24,50.7
NCRP-2026-10034,Loan App Extortion,13692,7,2,15,Laxmi Nagar / Shakarpur Hub,East Delhi Cyber Police Station,Inspector Vikramaditya Sharma,+91 11 2244 5566,28.63265,77.27232,93.13,53.7
NCRP-2026-10035,Investment / Ponzi Fraud,11998,20,4,9,Rohini Sector 10 District Hub,North-West District Cyber Cell,Inspector Devendra Hooda,+91 11 2705 4433,28.72014,77.11323,80.56,42.7
NCRP-2026-10036,UPI / QR Code Scam,84897,23,3,12,Gurugram Cyber City Commercial Outlets,Cyber Crime Police Station East Gurugram,ACP Priyanshu Dewan,+91 124 221 1100,28.4809,77.07974,69.45,48.0
NCRP-2026-10037,Loan App Extortion,44314,21,1,34,Connaught Place Financial Circle,New Delhi District Cyber Cell,ACP Rajesh Verma,+91 11 2374 8899,28.63656,77.19867,81.5,55.8
NCRP-2026-10038,Impersonation / Vishing,27351,19,2,42,Noida Sector 18 Commercial Hub,Noida Cyber Police Station (Sec 108),DSP Sunil Kumar,+91 120 256 7890,28.56425,77.34274,80.67,50.1
NCRP-2026-10039,Impersonation / Vishing,183130,8,3,17,Gurugram Cyber City Commercial Outlets,Cyber Crime Police Station East Gurugram,ACP Priyanshu Dewan,+91 124 221 1100,28.50971,77.09274,68.97,57.1
NCRP-2026-10040,UPI / QR Code Scam,17926,4,1,49,Connaught Place Financial Circle,New Delhi District Cyber Cell,ACP Rajesh Verma,+91 11 2374 8899,28.63859,77.21483,82.95,51.2
NCRP-2026-10041,Impersonation / Vishing,85062,21,2,18,Gurugram Cyber City Commercial Outlets,Cyber Crime Police Station East Gurugram,ACP Priyanshu Dewan,+91 124 221 1100,28.48945,77.08779,63.31,47.6
NCRP-2026-10042,Loan App Extortion,16324,8,2,15,Laxmi Nagar / Shakarpur Hub,East Delhi Cyber Police Station,Inspector Vikramaditya Sharma,+91 11 2244 5566,28.62494,77.27691,91.05,52.7
NCRP-2026-10043,Impersonation / Vishing,175143,11,4,10,Connaught Place Financial Circle,New Delhi District Cyber Cell,ACP Rajesh Verma,+91 11 2374 8899,28.62875,77.22036,84.4,60.7
NCRP-2026-10044,Investment / Ponzi Fraud,184178,17,1,18,Gurugram Cyber City Commercial Outlets,Cyber Crime Police Station East Gurugram,ACP Priyanshu Dewan,+91 124 221 1100,28.49598,77.08332,64.13,64.7
NCRP-2026-10045,UPI / QR Code Scam,26243,3,2,48,Gurugram Cyber City Commercial Outlets,Cyber Crime Police Station East Gurugram,ACP Priyanshu Dewan,+91 124 221 1100,28.51272,77.08303,60.76,41.9
NCRP-2026-10046,Impersonation / Vishing,26408,20,3,17,Connaught Place Financial Circle,New Delhi District Cyber Cell,ACP Rajesh Verma,+91 11 2374 8899,28.62754,77.2163,83.97,46.2
NCRP-2026-10047,UPI / QR Code Scam,135774,9,4,26,Gurugram Cyber City Commercial Outlets,Cyber Crime Police Station East Gurugram,ACP Priyanshu Dewan,+91 124 221 1100,28.50868,77.07566,66.87,46.6
NCRP-2026-10048,Loan App Extortion,98352,16,3,8,Connaught Place Financial Circle,New Delhi District Cyber Cell,ACP Rajesh Verma,+91 11 2374 8899,28.62657,77.22819,78.39,52.8
NCRP-2026-10049,Impersonation / Vishing,154808,9,2,18,Janakpuri District Commercial Center,West District Cyber Police Station,Inspector Kuldeep Rawat,+91 11 2550 3322,28.63403,77.0903,69.4,57.4
NCRP-2026-10050,UPI / QR Code Scam,58133,7,1,24,Rohini Sector 10 District Hub,North-West District Cyber Cell,Inspector Devendra Hooda,+91 11 2705 4433,28.72159,77.1057,83.24,56.8
NCRP-2026-10051,Investment / Ponzi Fraud,11460,14,3,24,Gurugram Cyber City Commercial Outlets,Cyber Crime Police Station East Gurugram,ACP Priyanshu Dewan,+91 124 221 1100,28.50924,77.08134,66.27,40.8
NCRP-2026-10052,UPI / QR Code Scam,34899,18,3,11,Laxmi Nagar / Shakarpur Hub,East Delhi Cyber Police Station,Inspector Vikramaditya Sharma,+91 11 2244 5566,28.62766,77.28577,86.05,49.9
NCRP-2026-10053,Investment / Ponzi Fraud,40729,1,2,27,Rohini Sector 10 District Hub,North-West District Cyber Cell,Inspector Devendra Hooda,+91 11 2705 4433,28.72658,77.10107,67.72,49.6
NCRP-2026-10054,UPI / QR Code Scam,35566,15,2,15,Noida Sector 18 Commercial Hub,Noida Cyber Police Station (Sec 108),DSP Sunil Kumar,+91 120 256 7890,28.57812,77.34474,77.75,51.2
NCRP-2026-10055,Impersonation / Vishing,12086,4,1,21,Rohini Sector 10 District Hub,North-West District Cyber Cell,Inspector Devendra Hooda,+91 11 2705 4433,28.72354,77.11113,81.73,53.6
NCRP-2026-10056,Investment / Ponzi Fraud,14841,14,2,14,Connaught Place Financial Circle,New Delhi District Cyber Cell,ACP Rajesh Verma,+91 11 2374 8899,28.65055,77.20695,85.41,54.2
NCRP-2026-10057,Part-Time Job / Task Fraud,33139,21,1,20,Rohini Sector 10 District Hub,North-West District Cyber Cell,Inspector Devendra Hooda,+91 11 2705 4433,28.71094,77.11046,78.41,54.8
NCRP-2026-10058,UPI / QR Code Scam,15668,5,2,50,Gurugram Cyber City Commercial Outlets,Cyber Crime Police Station East Gurugram,ACP Priyanshu Dewan,+91 124 221 1100,28.4873,77.11413,64.92,40.5
NCRP-2026-10059,Part-Time Job / Task Fraud,30997,3,2,31,Noida Sector 18 Commercial Hub,Noida Cyber Police Station (Sec 108),DSP Sunil Kumar,+91 120 256 7890,28.57541,77.31352,78.31,50.3
NCRP-2026-10060,Part-Time Job / Task Fraud,16824,8,1,63,Noida Sector 18 Commercial Hub,Noida Cyber Police Station (Sec 108),DSP Sunil Kumar,+91 120 256 7890,28.56391,77.32248,77.96,50.0
NCRP-2026-10061,UPI / QR Code Scam,43452,10,1,14,Connaught Place Financial Circle,New Delhi District Cyber Cell,ACP Rajesh Verma,+91 11 2374 8899,28.6184,77.21176,82.19,55.4
NCRP-2026-10062,Investment / Ponzi Fraud,110312,5,4,26,Noida Sector 18 Commercial Hub,Noida Cyber Police Station (Sec 108),DSP Sunil Kumar,+91 120 256 7890,28.56415,77.32912,80.27,49.2
NCRP-2026-10063,Loan App Extortion,21475,21,2,26,Noida Sector 18 Commercial Hub,Noida Cyber Police Station (Sec 108),DSP Sunil Kumar,+91 120 256 7890,28.57745,77.33594,76.17,47.7
NCRP-2026-10064,Part-Time Job / Task Fraud,18383,3,1,11,Rohini Sector 10 District Hub,North-West District Cyber Cell,Inspector Devendra Hooda,+91 11 2705 4433,28.71345,77.11981,83.27,53.9
NCRP-2026-10065,Investment / Ponzi Fraud,14598,4,1,16,Noida Sector 18 Commercial Hub,Noida Cyber Police Station (Sec 108),DSP Sunil Kumar,+91 120 256 7890,28.55524,77.33101,80.31,52.9
NCRP-2026-10066,Loan App Extortion,19997,2,3,29,Janakpuri District Commercial Center,West District Cyber Police Station,Inspector Kuldeep Rawat,+91 11 2550 3322,28.62028,77.08916,71.52,39.6
NCRP-2026-10067,Loan App Extortion,18972,4,1,22,Janakpuri District Commercial Center,West District Cyber Police Station,Inspector Kuldeep Rawat,+91 11 2550 3322,28.62281,77.0839,75.28,51.9
NCRP-2026-10068,UPI / QR Code Scam,124963,5,2,22,Rohini Sector 10 District Hub,North-West District Cyber Cell,Inspector Devendra Hooda,+91 11 2705 4433,28.70224,77.12888,76.31,57.1
NCRP-2026-10069,Investment / Ponzi Fraud,58939,18,2,29,Connaught Place Financial Circle,New Delhi District Cyber Cell,ACP Rajesh Verma,+91 11 2374 8899,28.62975,77.22384,78.5,52.6
NCRP-2026-10070,Impersonation / Vishing,122165,3,4,87,Janakpuri District Commercial Center,West District Cyber Police Station,Inspector Kuldeep Rawat,+91 11 2550 3322,28.6187,77.09286,75.32,45.7
NCRP-2026-10071,Loan App Extortion,114683,0,1,34,Laxmi Nagar / Shakarpur Hub,East Delhi Cyber Police Station,Inspector Vikramaditya Sharma,+91 11 2244 5566,28.62355,77.28938,97.03,65.7
NCRP-2026-10072,Investment / Ponzi Fraud,36293,12,2,118,Noida Sector 18 Commercial Hub,Noida Cyber Police Station (Sec 108),DSP Sunil Kumar,+91 120 256 7890,28.56333,77.31785,84.82,48.2
NCRP-2026-10073,Part-Time Job / Task Fraud,37547,13,2,19,Noida Sector 18 Commercial Hub,Noida Cyber Police Station (Sec 108),DSP Sunil Kumar,+91 120 256 7890,28.57494,77.31658,77.19,50.6
NCRP-2026-10074,UPI / QR Code Scam,69643,23,1,41,Gurugram Cyber City Commercial Outlets,Cyber Crime Police Station East Gurugram,ACP Priyanshu Dewan,+91 124 221 1100,28.49558,77.09038,75.53,56.2
NCRP-2026-10075,Part-Time Job / Task Fraud,139893,22,1,29,Noida Sector 18 Commercial Hub,Noida Cyber Police Station (Sec 108),DSP Sunil Kumar,+91 120 256 7890,28.58156,77.32747,88.15,65.2
NCRP-2026-10076,Loan App Extortion,91190,20,2,22,Connaught Place Financial Circle,New Delhi District Cyber Cell,ACP Rajesh Verma,+91 11 2374 8899,28.63569,77.21544,85.29,57.7
NCRP-2026-10077,UPI / QR Code Scam,40093,10,1,17,Connaught Place Financial Circle,New Delhi District Cyber Cell,ACP Rajesh Verma,+91 11 2374 8899,28.63209,77.22686,71.21,51.4
NCRP-2026-10078,Loan App Extortion,60019,17,2,10,Gurugram Cyber City Commercial Outlets,Cyber Crime Police Station East Gurugram,ACP Priyanshu Dewan,+91 124 221 1100,28.49477,77.09814,77.11,52.6
NCRP-2026-10079,Investment / Ponzi Fraud,27804,12,2,30,Janakpuri District Commercial Center,West District Cyber Police Station,Inspector Kuldeep Rawat,+91 11 2550 3322,28.60887,77.07708,70.21,45.8
NCRP-2026-10080,Part-Time Job / Task Fraud,54270,0,3,22,Rohini Sector 10 District Hub,North-West District Cyber Cell,Inspector Devendra Hooda,+91 11 2705 4433,28.69891,77.12339,68.86,44.4
NCRP-2026-10081,Part-Time Job / Task Fraud,30350,22,4,31,Noida Sector 18 Commercial Hub,Noida Cyber Police Station (Sec 108),DSP Sunil Kumar,+91 120 256 7890,28.59317,77.32315,78.25,41.0
NCRP-2026-10082,Impersonation / Vishing,50117,2,1,48,Janakpuri District Commercial Center,West District Cyber Police Station,Inspector Kuldeep Rawat,+91 11 2550 3322,28.62951,77.08575,65.17,50.8
NCRP-2026-10083,Investment / Ponzi Fraud,73793,2,1,47,Noida Sector 18 Commercial Hub,Noida Cyber Police Station (Sec 108),DSP Sunil Kumar,+91 120 256 7890,28.57888,77.32715,76.9,55.1
NCRP-2026-10084,Loan App Extortion,76572,20,1,18,Connaught Place Financial Circle,New Delhi District Cyber Cell,ACP Rajesh Verma,+91 11 2374 8899,28.62304,77.21855,87.47,61.2
NCRP-2026-10085,Impersonation / Vishing,97179,2,2,51,Gurugram Cyber City Commercial Outlets,Cyber Crime Police Station East Gurugram,ACP Priyanshu Dewan,+91 124 221 1100,28.50287,77.07751,72.74,50.9
NCRP-2026-10086,Investment / Ponzi Fraud,193546,11,1,36,Connaught Place Financial Circle,New Delhi District Cyber Cell,ACP Rajesh Verma,+91 11 2374 8899,28.62614,77.21376,82.46,67.6
NCRP-2026-10087,Part-Time Job / Task Fraud,24912,21,2,40,Noida Sector 18 Commercial Hub,Noida Cyber Police Station (Sec 108),DSP Sunil Kumar,+91 120 256 7890,28.572,77.34324,72.85,45.8
NCRP-2026-10088,Loan App Extortion,26014,16,2,16,Connaught Place Financial Circle,New Delhi District Cyber Cell,ACP Rajesh Verma,+91 11 2374 8899,28.63231,77.21827,83.02,51.5
NCRP-2026-10089,Part-Time Job / Task Fraud,132910,20,2,36,Rohini Sector 10 District Hub,North-West District Cyber Cell,Inspector Devendra Hooda,+91 11 2705 4433,28.72376,77.10667,77.07,55.6
NCRP-2026-10090,Investment / Ponzi Fraud,34657,7,2,38,Laxmi Nagar / Shakarpur Hub,East Delhi Cyber Police Station,Inspector Vikramaditya Sharma,+91 11 2244 5566,28.62459,77.26583,90.3,53.3
NCRP-2026-10091,Investment / Ponzi Fraud,75945,0,1,31,Noida Sector 18 Commercial Hub,Noida Cyber Police Station (Sec 108),DSP Sunil Kumar,+91 120 256 7890,28.55677,77.32995,75.7,57.3
NCRP-2026-10092,UPI / QR Code Scam,83682,20,1,47,Noida Sector 18 Commercial Hub,Noida Cyber Police Station (Sec 108),DSP Sunil Kumar,+91 120 256 7890,28.57178,77.31248,85.9,58.1
NCRP-2026-10093,Loan App Extortion,90326,11,4,20,Noida Sector 18 Commercial Hub,Noida Cyber Police Station (Sec 108),DSP Sunil Kumar,+91 120 256 7890,28.57042,77.33166,75.09,47.7
NCRP-2026-10094,UPI / QR Code Scam,49033,23,3,24,Gurugram Cyber City Commercial Outlets,Cyber Crime Police Station East Gurugram,ACP Priyanshu Dewan,+91 124 221 1100,28.49322,77.07895,73.15,44.9
NCRP-2026-10095,Part-Time Job / Task Fraud,22500,8,4,11,Janakpuri District Commercial Center,West District Cyber Police Station,Inspector Kuldeep Rawat,+91 11 2550 3322,28.6304,77.08724,67.0,36.4
NCRP-2026-10096,Part-Time Job / Task Fraud,20696,7,4,20,Connaught Place Financial Circle,New Delhi District Cyber Cell,ACP Rajesh Verma,+91 11 2374 8899,28.65235,77.21956,87.43,44.4
NCRP-2026-10097,Part-Time Job / Task Fraud,51126,12,1,58,Rohini Sector 10 District Hub,North-West District Cyber Cell,Inspector Devendra Hooda,+91 11 2705 4433,28.6942,77.10451,73.96,51.9
NCRP-2026-10098,Loan App Extortion,29191,17,2,31,Connaught Place Financial Circle,New Delhi District Cyber Cell,ACP Rajesh Verma,+91 11 2374 8899,28.63258,77.22828,82.33,51.9
NCRP-2026-10099,Loan App Extortion,35702,20,2,19,Gurugram Cyber City Commercial Outlets,Cyber Crime Police Station East Gurugram,ACP Priyanshu Dewan,+91 124 221 1100,28.50372,77.09929,61.27,48.5
NCRP-2026-10100,UPI / QR Code Scam,31895,17,1,23,Rohini Sector 10 District Hub,North-West District Cyber Cell,Inspector Devendra Hooda,+91 11 2705 4433,28.70183,77.11134,76.84,55.8
NCRP-2026-10101,Investment / Ponzi Fraud,16644,4,3,17,Laxmi Nagar / Shakarpur Hub,East Delhi Cyber Police Station,Inspector Vikramaditya Sharma,+91 11 2244 5566,28.6284,77.27534,87.61,47.2
NCRP-2026-10102,Part-Time Job / Task Fraud,98787,13,1,38,Noida Sector 18 Commercial Hub,Noida Cyber Police Station (Sec 108),DSP Sunil Kumar,+91 120 256 7890,28.57123,77.32219,79.87,58.3
NCRP-2026-10103,Part-Time Job / Task Fraud,55474,16,1,12,Rohini Sector 10 District Hub,North-West District Cyber Cell,Inspector Devendra Hooda,+91 11 2705 4433,28.71997,77.11547,75.68,56.5
NCRP-2026-10104,Investment / Ponzi Fraud,78890,8,3,19,Gurugram Cyber City Commercial Outlets,Cyber Crime Police Station East Gurugram,ACP Priyanshu Dewan,+91 124 221 1100,28.49518,77.10739,66.55,44.6
NCRP-2026-10105,Loan App Extortion,63245,4,2,33,Laxmi Nagar / Shakarpur Hub,East Delhi Cyber Police Station,Inspector Vikramaditya Sharma,+91 11 2244 5566,28.63507,77.27959,82.48,52.2
NCRP-2026-10106,Part-Time Job / Task Fraud,22434,12,3,27,Rohini Sector 10 District Hub,North-West District Cyber Cell,Inspector Devendra Hooda,+91 11 2705 4433,28.71005,77.10797,61.08,38.0
NCRP-2026-10107,Investment / Ponzi Fraud,66662,12,1,48,Noida Sector 18 Commercial Hub,Noida Cyber Police Station (Sec 108),DSP Sunil Kumar,+91 120 256 7890,28.56384,77.32208,76.49,54.2
NCRP-2026-10108,Loan App Extortion,23635,20,2,16,Laxmi Nagar / Shakarpur Hub,East Delhi Cyber Police Station,Inspector Vikramaditya Sharma,+91 11 2244 5566,28.63477,77.27358,87.33,53.0
NCRP-2026-10109,Part-Time Job / Task Fraud,95178,13,3,36,Connaught Place Financial Circle,New Delhi District Cyber Cell,ACP Rajesh Verma,+91 11 2374 8899,28.63267,77.21118,85.27,52.0
NCRP-2026-10110,Investment / Ponzi Fraud,60256,23,3,41,Gurugram Cyber City Commercial Outlets,Cyber Crime Police Station East Gurugram,ACP Priyanshu Dewan,+91 124 221 1100,28.48328,77.07862,69.0,43.6
NCRP-2026-10111,Part-Time Job / Task Fraud,144433,21,4,12,Gurugram Cyber City Commercial Outlets,Cyber Crime Police Station East Gurugram,ACP Priyanshu Dewan,+91 124 221 1100,28.50782,77.09917,71.01,52.8
NCRP-2026-10112,Investment / Ponzi Fraud,62145,19,3,74,Noida Sector 18 Commercial Hub,Noida Cyber Police Station (Sec 108),DSP Sunil Kumar,+91 120 256 7890,28.57862,77.32131,76.2,43.7
NCRP-2026-10113,Impersonation / Vishing,154392,2,2,14,Janakpuri District Commercial Center,West District Cyber Police Station,Inspector Kuldeep Rawat,+91 11 2550 3322,28.63091,77.0869,67.92,59.6
NCRP-2026-10114,Impersonation / Vishing,25959,16,4,55,Laxmi Nagar / Shakarpur Hub,East Delhi Cyber Police Station,Inspector Vikramaditya Sharma,+91 11 2244 5566,28.63607,77.28627,87.54,44.5
NCRP-2026-10115,Part-Time Job / Task Fraud,216688,0,1,19,Rohini Sector 10 District Hub,North-West District Cyber Cell,Inspector Devendra Hooda,+91 11 2705 4433,28.72097,77.1025,69.99,68.1
NCRP-2026-10116,Investment / Ponzi Fraud,20260,16,1,27,Janakpuri District Commercial Center,West District Cyber Police Station,Inspector Kuldeep Rawat,+91 11 2550 3322,28.63345,77.09184,73.84,50.4
NCRP-2026-10117,Loan App Extortion,89613,13,2,41,Rohini Sector 10 District Hub,North-West District Cyber Cell,Inspector Devendra Hooda,+91 11 2705 4433,28.72076,77.11627,69.57,51.8
NCRP-2026-10118,UPI / QR Code Scam,25666,23,2,19,Noida Sector 18 Commercial Hub,Noida Cyber Police Station (Sec 108),DSP Sunil Kumar,+91 120 256 7890,28.56827,77.32702,76.19,48.5
NCRP-2026-10119,Investment / Ponzi Fraud,108349,5,3,15,Rohini Sector 10 District Hub,North-West District Cyber Cell,Inspector Devendra Hooda,+91 11 2705 4433,28.69651,77.12289,73.95,51.8
NCRP-2026-10120,Part-Time Job / Task Fraud,58137,19,1,14,Gurugram Cyber City Commercial Outlets,Cyber Crime Police Station East Gurugram,ACP Priyanshu Dewan,+91 124 221 1100,28.49197,77.08947,68.83,52.9
NCRP-2026-10121,Part-Time Job / Task Fraud,14091,21,1,26,Laxmi Nagar / Shakarpur Hub,East Delhi Cyber Police Station,Inspector Vikramaditya Sharma,+91 11 2244 5566,28.61407,77.27515,91.96,56.5
NCRP-2026-10122,UPI / QR Code Scam,11604,5,2,46,Laxmi Nagar / Shakarpur Hub,East Delhi Cyber Police Station,Inspector Vikramaditya Sharma,+91 11 2244 5566,28.63539,77.28849,90.79,49.9
NCRP-2026-10123,Part-Time Job / Task Fraud,94322,6,2,50,Rohini Sector 10 District Hub,North-West District Cyber Cell,Inspector Devendra Hooda,+91 11 2705 4433,28.71905,77.11006,74.6,49.6
NCRP-2026-10124,Impersonation / Vishing,74517,11,1,14,Laxmi Nagar / Shakarpur Hub,East Delhi Cyber Police Station,Inspector Vikramaditya Sharma,+91 11 2244 5566,28.64239,77.27552,81.77,60.1
NCRP-2026-10125,Investment / Ponzi Fraud,38427,18,1,34,Noida Sector 18 Commercial Hub,Noida Cyber Police Station (Sec 108),DSP Sunil Kumar,+91 120 256 7890,28.57923,77.33057,78.15,54.6
NCRP-2026-10126,Impersonation / Vishing,11556,0,3,31,Laxmi Nagar / Shakarpur Hub,East Delhi Cyber Police Station,Inspector Vikramaditya Sharma,+91 11 2244 5566,28.63136,77.27328,91.73,44.7
NCRP-2026-10127,UPI / QR Code Scam,229703,23,2,12,Noida Sector 18 Commercial Hub,Noida Cyber Police Station (Sec 108),DSP Sunil Kumar,+91 120 256 7890,28.57779,77.31619,84.74,69.7
NCRP-2026-10128,Part-Time Job / Task Fraud,54867,21,2,20,Noida Sector 18 Commercial Hub,Noida Cyber Police Station (Sec 108),DSP Sunil Kumar,+91 120 256 7890,28.56713,77.31294,83.51,54.5
NCRP-2026-10129,Impersonation / Vishing,19903,11,2,32,Laxmi Nagar / Shakarpur Hub,East Delhi Cyber Police Station,Inspector Vikramaditya Sharma,+91 11 2244 5566,28.63662,77.28125,87.9,52.6
NCRP-2026-10130,Investment / Ponzi Fraud,46161,19,2,49,Connaught Place Financial Circle,New Delhi District Cyber Cell,ACP Rajesh Verma,+91 11 2374 8899,28.64088,77.21545,78.5,47.4
NCRP-2026-10131,Investment / Ponzi Fraud,55654,3,4,26,Janakpuri District Commercial Center,West District Cyber Police Station,Inspector Kuldeep Rawat,+91 11 2550 3322,28.60889,77.08794,71.4,42.0
NCRP-2026-10132,UPI / QR Code Scam,17876,4,1,20,Connaught Place Financial Circle,New Delhi District Cyber Cell,ACP Rajesh Verma,+91 11 2374 8899,28.63946,77.23231,79.03,53.6
NCRP-2026-10133,Loan App Extortion,48126,16,3,53,Connaught Place Financial Circle,New Delhi District Cyber Cell,ACP Rajesh Verma,+91 11 2374 8899,28.62106,77.20361,82.7,46.2
NCRP-2026-10134,Impersonation / Vishing,12654,0,1,21,Noida Sector 18 Commercial Hub,Noida Cyber Police Station (Sec 108),DSP Sunil Kumar,+91 120 256 7890,28.57952,77.32343,84.86,54.7
NCRP-2026-10135,Investment / Ponzi Fraud,10876,17,4,24,Connaught Place Financial Circle,New Delhi District Cyber Cell,ACP Rajesh Verma,+91 11 2374 8899,28.63768,77.23247,90.35,43.2
NCRP-2026-10136,Impersonation / Vishing,65955,17,1,39,Laxmi Nagar / Shakarpur Hub,East Delhi Cyber Police Station,Inspector Vikramaditya Sharma,+91 11 2244 5566,28.62928,77.26979,92.29,60.5
NCRP-2026-10137,Part-Time Job / Task Fraud,154671,9,1,36,Laxmi Nagar / Shakarpur Hub,East Delhi Cyber Police Station,Inspector Vikramaditya Sharma,+91 11 2244 5566,28.62909,77.28426,88.8,65.6
NCRP-2026-10138,Impersonation / Vishing,66429,18,4,35,Laxmi Nagar / Shakarpur Hub,East Delhi Cyber Police Station,Inspector Vikramaditya Sharma,+91 11 2244 5566,28.63881,77.27888,80.6,44.3
NCRP-2026-10139,UPI / QR Code Scam,110659,15,3,46,Laxmi Nagar / Shakarpur Hub,East Delhi Cyber Police Station,Inspector Vikramaditya Sharma,+91 11 2244 5566,28.63795,77.26439,89.21,54.2
NCRP-2026-10140,Investment / Ponzi Fraud,125821,12,3,42,Janakpuri District Commercial Center,West District Cyber Police Station,Inspector Kuldeep Rawat,+91 11 2550 3322,28.61562,77.08691,66.12,47.5
NCRP-2026-10141,UPI / QR Code Scam,57058,14,2,12,Rohini Sector 10 District Hub,North-West District Cyber Cell,Inspector Devendra Hooda,+91 11 2705 4433,28.70871,77.12357,79.25,50.5
NCRP-2026-10142,Investment / Ponzi Fraud,19222,13,2,24,Noida Sector 18 Commercial Hub,Noida Cyber Police Station (Sec 108),DSP Sunil Kumar,+91 120 256 7890,28.58877,77.32633,80.49,50.9
NCRP-2026-10143,Part-Time Job / Task Fraud,42379,10,3,30,Janakpuri District Commercial Center,West District Cyber Police Station,Inspector Kuldeep Rawat,+91 11 2550 3322,28.62237,77.07475,72.72,42.4
NCRP-2026-10144,Loan App Extortion,13697,14,1,25,Janakpuri District Commercial Center,West District Cyber Police Station,Inspector Kuldeep Rawat,+91 11 2550 3322,28.63647,77.09513,71.24,47.3
NCRP-2026-10145,Part-Time Job / Task Fraud,26764,14,2,26,Laxmi Nagar / Shakarpur Hub,East Delhi Cyber Police Station,Inspector Vikramaditya Sharma,+91 11 2244 5566,28.63482,77.26376,94.06,53.5
NCRP-2026-10146,UPI / QR Code Scam,19992,11,1,24,Connaught Place Financial Circle,New Delhi District Cyber Cell,ACP Rajesh Verma,+91 11 2374 8899,28.63768,77.20884,75.63,50.2
NCRP-2026-10147,Impersonation / Vishing,49950,23,2,26,Gurugram Cyber City Commercial Outlets,Cyber Crime Police Station East Gurugram,ACP Priyanshu Dewan,+91 124 221 1100,28.49872,77.10068,72.82,49.6
NCRP-2026-10148,Part-Time Job / Task Fraud,57206,9,3,19,Gurugram Cyber City Commercial Outlets,Cyber Crime Police Station East Gurugram,ACP Priyanshu Dewan,+91 124 221 1100,28.49827,77.08388,64.57,42.5
NCRP-2026-10149,Part-Time Job / Task Fraud,92913,18,2,45,Rohini Sector 10 District Hub,North-West District Cyber Cell,Inspector Devendra Hooda,+91 11 2705 4433,28.70743,77.11818,73.21,52.2
NCRP-2026-10150,Investment / Ponzi Fraud,19827,4,2,10,Janakpuri District Commercial Center,West District Cyber Police Station,Inspector Kuldeep Rawat,+91 11 2550 3322,28.61721,77.10754,69.77,47.1
NCRP-2026-10151,Impersonation / Vishing,17334,20,2,27,Noida Sector 18 Commercial Hub,Noida Cyber Police Station (Sec 108),DSP Sunil Kumar,+91 120 256 7890,28.55984,77.32852,81.91,47.5
NCRP-2026-10152,Loan App Extortion,26021,13,1,65,Gurugram Cyber City Commercial Outlets,Cyber Crime Police Station East Gurugram,ACP Priyanshu Dewan,+91 124 221 1100,28.50403,77.09405,65.67,45.7
NCRP-2026-10153,Impersonation / Vishing,46600,1,2,25,Connaught Place Financial Circle,New Delhi District Cyber Cell,ACP Rajesh Verma,+91 11 2374 8899,28.62338,77.21201,84.53,52.2
NCRP-2026-10154,UPI / QR Code Scam,20556,1,4,12,Rohini Sector 10 District Hub,North-West District Cyber Cell,Inspector Devendra Hooda,+91 11 2705 4433,28.70345,77.11273,74.95,40.1
NCRP-2026-10155,UPI / QR Code Scam,173070,14,1,30,Connaught Place Financial Circle,New Delhi District Cyber Cell,ACP Rajesh Verma,+91 11 2374 8899,28.63241,77.2101,72.66,64.7
NCRP-2026-10156,UPI / QR Code Scam,23962,20,1,42,Laxmi Nagar / Shakarpur Hub,East Delhi Cyber Police Station,Inspector Vikramaditya Sharma,+91 11 2244 5566,28.62641,77.28422,88.62,57.1
NCRP-2026-10157,Investment / Ponzi Fraud,33975,1,4,14,Laxmi Nagar / Shakarpur Hub,East Delhi Cyber Police Station,Inspector Vikramaditya Sharma,+91 11 2244 5566,28.65013,77.27184,85.8,49.2
NCRP-2026-10158,Part-Time Job / Task Fraud,51801,19,1,58,Gurugram Cyber City Commercial Outlets,Cyber Crime Police Station East Gurugram,ACP Priyanshu Dewan,+91 124 221 1100,28.50171,77.09242,76.77,50.2
NCRP-2026-10159,Impersonation / Vishing,17615,6,1,32,Rohini Sector 10 District Hub,North-West District Cyber Cell,Inspector Devendra Hooda,+91 11 2705 4433,28.72135,77.12889,77.85,50.6
NCRP-2026-10160,Impersonation / Vishing,56617,0,2,24,Noida Sector 18 Commercial Hub,Noida Cyber Police Station (Sec 108),DSP Sunil Kumar,+91 120 256 7890,28.57176,77.31025,79.15,53.4
NCRP-2026-10161,Loan App Extortion,42526,3,1,33,Janakpuri District Commercial Center,West District Cyber Police Station,Inspector Kuldeep Rawat,+91 11 2550 3322,28.62098,77.0814,70.35,48.7
NCRP-2026-10162,Investment / Ponzi Fraud,10016,10,2,21,Noida Sector 18 Commercial Hub,Noida Cyber Police Station (Sec 108),DSP Sunil Kumar,+91 120 256 7890,28.57321,77.33181,82.58,51.7
NCRP-2026-10163,UPI / QR Code Scam,80172,23,1,12,Laxmi Nagar / Shakarpur Hub,East Delhi Cyber Police Station,Inspector Vikramaditya Sharma,+91 11 2244 5566,28.61428,77.27667,85.55,61.3
NCRP-2026-10164,Impersonation / Vishing,295643,16,1,18,Rohini Sector 10 District Hub,North-West District Cyber Cell,Inspector Devendra Hooda,+91 11 2705 4433,28.71348,77.11483,77.0,74.9
NCRP-2026-10165,Impersonation / Vishing,32924,21,3,24,Noida Sector 18 Commercial Hub,Noida Cyber Police Station (Sec 108),DSP Sunil Kumar,+91 120 256 7890,28.58911,77.31506,77.88,43.9
NCRP-2026-10166,Impersonation / Vishing,48319,0,1,34,Noida Sector 18 Commercial Hub,Noida Cyber Police Station (Sec 108),DSP Sunil Kumar,+91 120 256 7890,28.56941,77.32163,77.94,53.6
NCRP-2026-10167,Part-Time Job / Task Fraud,103009,22,1,79,Laxmi Nagar / Shakarpur Hub,East Delhi Cyber Police Station,Inspector Vikramaditya Sharma,+91 11 2244 5566,28.63503,77.26162,92.67,62.8
NCRP-2026-10168,UPI / QR Code Scam,40758,20,4,11,Noida Sector 18 Commercial Hub,Noida Cyber Police Station (Sec 108),DSP Sunil Kumar,+91 120 256 7890,28.5639,77.31502,79.86,44.7
NCRP-2026-10169,Part-Time Job / Task Fraud,143191,7,2,22,Janakpuri District Commercial Center,West District Cyber Police Station,Inspector Kuldeep Rawat,+91 11 2550 3322,28.62323,77.08622,68.21,55.9
NCRP-2026-10170,Impersonation / Vishing,117048,4,2,47,Connaught Place Financial Circle,New Delhi District Cyber Cell,ACP Rajesh Verma,+91 11 2374 8899,28.61421,77.21571,85.17,59.2
NCRP-2026-10171,Investment / Ponzi Fraud,40989,3,1,31,Janakpuri District Commercial Center,West District Cyber Police Station,Inspector Kuldeep Rawat,+91 11 2550 3322,28.63172,77.06833,70.19,50.0
NCRP-2026-10172,UPI / QR Code Scam,25397,5,1,41,Laxmi Nagar / Shakarpur Hub,East Delhi Cyber Police Station,Inspector Vikramaditya Sharma,+91 11 2244 5566,28.62691,77.28679,91.98,58.3
NCRP-2026-10173,Part-Time Job / Task Fraud,16470,3,3,21,Rohini Sector 10 District Hub,North-West District Cyber Cell,Inspector Devendra Hooda,+91 11 2705 4433,28.70985,77.10468,78.85,42.1
NCRP-2026-10174,Loan App Extortion,16049,12,2,15,Connaught Place Financial Circle,New Delhi District Cyber Cell,ACP Rajesh Verma,+91 11 2374 8899,28.63108,77.21612,82.92,50.9
NCRP-2026-10175,Impersonation / Vishing,34604,17,4,9,Laxmi Nagar / Shakarpur Hub,East Delhi Cyber Police Station,Inspector Vikramaditya Sharma,+91 11 2244 5566,28.62313,77.28418,87.82,46.2
NCRP-2026-10176,Impersonation / Vishing,24949,14,1,22,Laxmi Nagar / Shakarpur Hub,East Delhi Cyber Police Station,Inspector Vikramaditya Sharma,+91 11 2244 5566,28.64674,77.28327,82.83,52.3
NCRP-2026-10177,Loan App Extortion,25689,12,1,17,Laxmi Nagar / Shakarpur Hub,East Delhi Cyber Police Station,Inspector Vikramaditya Sharma,+91 11 2244 5566,28.63227,77.2863,85.89,55.4
NCRP-2026-10178,Investment / Ponzi Fraud,49070,0,2,41,Noida Sector 18 Commercial Hub,Noida Cyber Police Station (Sec 108),DSP Sunil Kumar,+91 120 256 7890,28.57549,77.32996,82.01,49.8
NCRP-2026-10179,Investment / Ponzi Fraud,93499,11,2,24,Noida Sector 18 Commercial Hub,Noida Cyber Police Station (Sec 108),DSP Sunil Kumar,+91 120 256 7890,28.57244,77.32765,74.6,52.4
NCRP-2026-10180,Part-Time Job / Task Fraud,57722,1,2,32,Connaught Place Financial Circle,New Delhi District Cyber Cell,ACP Rajesh Verma,+91 11 2374 8899,28.63757,77.22137,87.82,55.9
NCRP-2026-10181,Loan App Extortion,66719,15,1,41,Janakpuri District Commercial Center,West District Cyber Police Station,Inspector Kuldeep Rawat,+91 11 2550 3322,28.62852,77.09418,70.51,50.2
NCRP-2026-10182,Loan App Extortion,22244,4,2,22,Connaught Place Financial Circle,New Delhi District Cyber Cell,ACP Rajesh Verma,+91 11 2374 8899,28.64119,77.22165,77.28,49.8
NCRP-2026-10183,Loan App Extortion,22772,19,2,65,Noida Sector 18 Commercial Hub,Noida Cyber Police Station (Sec 108),DSP Sunil Kumar,+91 120 256 7890,28.5665,77.32843,81.83,47.3
NCRP-2026-10184,UPI / QR Code Scam,13016,12,2,29,Janakpuri District Commercial Center,West District Cyber Police Station,Inspector Kuldeep Rawat,+91 11 2550 3322,28.61535,77.08777,77.23,45.7
NCRP-2026-10185,Loan App Extortion,55593,14,4,31,Noida Sector 18 Commercial Hub,Noida Cyber Police Station (Sec 108),DSP Sunil Kumar,+91 120 256 7890,28.57014,77.32503,80.31,46.7
NCRP-2026-10186,Investment / Ponzi Fraud,246233,10,2,34,Noida Sector 18 Commercial Hub,Noida Cyber Police Station (Sec 108),DSP Sunil Kumar,+91 120 256 7890,28.57516,77.31845,78.19,68.5
NCRP-2026-10187,Loan App Extortion,46498,12,3,20,Laxmi Nagar / Shakarpur Hub,East Delhi Cyber Police Station,Inspector Vikramaditya Sharma,+91 11 2244 5566,28.62618,77.28347,82.8,47.9
NCRP-2026-10188,UPI / QR Code Scam,17163,3,1,24,Janakpuri District Commercial Center,West District Cyber Police Station,Inspector Kuldeep Rawat,+91 11 2550 3322,28.61254,77.06482,68.0,47.1
NCRP-2026-10189,Impersonation / Vishing,24183,13,1,45,Gurugram Cyber City Commercial Outlets,Cyber Crime Police Station East Gurugram,ACP Priyanshu Dewan,+91 124 221 1100,28.48739,77.08236,64.79,46.9
NCRP-2026-10190,Part-Time Job / Task Fraud,12380,17,3,29,Connaught Place Financial Circle,New Delhi District Cyber Cell,ACP Rajesh Verma,+91 11 2374 8899,28.63289,77.21535,77.48,42.2
NCRP-2026-10191,Part-Time Job / Task Fraud,116911,20,1,12,Rohini Sector 10 District Hub,North-West District Cyber Cell,Inspector Devendra Hooda,+91 11 2705 4433,28.7074,77.1158,72.88,61.7
NCRP-2026-10192,UPI / QR Code Scam,20609,16,2,29,Gurugram Cyber City Commercial Outlets,Cyber Crime Police Station East Gurugram,ACP Priyanshu Dewan,+91 124 221 1100,28.49877,77.08387,69.39,44.8
NCRP-2026-10193,Part-Time Job / Task Fraud,14651,21,2,16,Laxmi Nagar / Shakarpur Hub,East Delhi Cyber Police Station,Inspector Vikramaditya Sharma,+91 11 2244 5566,28.62554,77.29033,88.25,53.7
NCRP-2026-10194,UPI / QR Code Scam,57453,13,2,14,Noida Sector 18 Commercial Hub,Noida Cyber Police Station (Sec 108),DSP Sunil Kumar,+91 120 256 7890,28.57271,77.33743,77.77,51.2
NCRP-2026-10195,Investment / Ponzi Fraud,62630,21,1,23,Rohini Sector 10 District Hub,North-West District Cyber Cell,Inspector Devendra Hooda,+91 11 2705 4433,28.697,77.10662,75.89,54.6
NCRP-2026-10196,Impersonation / Vishing,24962,19,2,43,Laxmi Nagar / Shakarpur Hub,East Delhi Cyber Police Station,Inspector Vikramaditya Sharma,+91 11 2244 5566,28.62537,77.28212,91.24,52.0
NCRP-2026-10197,UPI / QR Code Scam,156532,7,4,27,Rohini Sector 10 District Hub,North-West District Cyber Cell,Inspector Devendra Hooda,+91 11 2705 4433,28.71192,77.10919,72.06,51.1
NCRP-2026-10198,Loan App Extortion,40046,17,1,13,Connaught Place Financial Circle,New Delhi District Cyber Cell,ACP Rajesh Verma,+91 11 2374 8899,28.62735,77.22636,80.95,54.9
NCRP-2026-10199,Loan App Extortion,89953,14,1,28,Janakpuri District Commercial Center,West District Cyber Police Station,Inspector Kuldeep Rawat,+91 11 2550 3322,28.63689,77.09644,75.83,60.7
NCRP-2026-10200,Impersonation / Vishing,123741,10,4,23,Laxmi Nagar / Shakarpur Hub,East Delhi Cyber Police Station,Inspector Vikramaditya Sharma,+91 11 2244 5566,28.61787,77.28768,86.39,55.7
NCRP-2026-10201,UPI / QR Code Scam,90121,13,1,31,Rohini Sector 10 District Hub,North-West District Cyber Cell,Inspector Devendra Hooda,+91 11 2705 4433,28.71149,77.12225,75.96,58.6
NCRP-2026-10202,Loan App Extortion,116822,22,1,20,Noida Sector 18 Commercial Hub,Noida Cyber Police Station (Sec 108),DSP Sunil Kumar,+91 120 256 7890,28.5623,77.32943,79.11,62.3
NCRP-2026-10203,Investment / Ponzi Fraud,20376,8,3,71,Gurugram Cyber City Commercial Outlets,Cyber Crime Police Station East Gurugram,ACP Priyanshu Dewan,+91 124 221 1100,28.49676,77.08667,69.4,36.8
NCRP-2026-10204,Part-Time Job / Task Fraud,24673,21,3,16,Gurugram Cyber City Commercial Outlets,Cyber Crime Police Station East Gurugram,ACP Priyanshu Dewan,+91 124 221 1100,28.48458,77.09817,65.98,38.8
NCRP-2026-10205,UPI / QR Code Scam,31381,14,1,15,Laxmi Nagar / Shakarpur Hub,East Delhi Cyber Police Station,Inspector Vikramaditya Sharma,+91 11 2244 5566,28.62588,77.27401,96.06,60.2
NCRP-2026-10206,UPI / QR Code Scam,60275,19,2,23,Janakpuri District Commercial Center,West District Cyber Police Station,Inspector Kuldeep Rawat,+91 11 2550 3322,28.62513,77.08761,69.3,50.4
NCRP-2026-10207,Loan App Extortion,110640,14,1,48,Rohini Sector 10 District Hub,North-West District Cyber Cell,Inspector Devendra Hooda,+91 11 2705 4433,28.71411,77.10995,69.73,57.5
NCRP-2026-10208,Impersonation / Vishing,113663,22,1,12,Connaught Place Financial Circle,New Delhi District Cyber Cell,ACP Rajesh Verma,+91 11 2374 8899,28.63376,77.22267,76.29,62.1
NCRP-2026-10209,UPI / QR Code Scam,15867,19,1,22,Noida Sector 18 Commercial Hub,Noida Cyber Police Station (Sec 108),DSP Sunil Kumar,+91 120 256 7890,28.57282,77.32549,77.73,50.1
NCRP-2026-10210,UPI / QR Code Scam,91713,19,4,47,Connaught Place Financial Circle,New Delhi District Cyber Cell,ACP Rajesh Verma,+91 11 2374 8899,28.63307,77.21924,90.23,48.9
NCRP-2026-10211,Investment / Ponzi Fraud,15075,8,1,10,Connaught Place Financial Circle,New Delhi District Cyber Cell,ACP Rajesh Verma,+91 11 2374 8899,28.63444,77.23141,80.81,51.9
NCRP-2026-10212,Impersonation / Vishing,13333,7,3,14,Connaught Place Financial Circle,New Delhi District Cyber Cell,ACP Rajesh Verma,+91 11 2374 8899,28.63674,77.22892,79.98,46.3
NCRP-2026-10213,Investment / Ponzi Fraud,52589,20,1,19,Noida Sector 18 Commercial Hub,Noida Cyber Police Station (Sec 108),DSP Sunil Kumar,+91 120 256 7890,28.57716,77.33282,84.89,56.2
NCRP-2026-10214,Investment / Ponzi Fraud,30837,19,2,26,Noida Sector 18 Commercial Hub,Noida Cyber Police Station (Sec 108),DSP Sunil Kumar,+91 120 256 7890,28.57013,77.31704,83.73,51.2
NCRP-2026-10215,Part-Time Job / Task Fraud,23340,11,2,34,Rohini Sector 10 District Hub,North-West District Cyber Cell,Inspector Devendra Hooda,+91 11 2705 4433,28.71373,77.10821,74.17,48.2
NCRP-2026-10216,Part-Time Job / Task Fraud,121041,17,2,12,Gurugram Cyber City Commercial Outlets,Cyber Crime Police Station East Gurugram,ACP Priyanshu Dewan,+91 124 221 1100,28.4812,77.08451,67.22,58.6
NCRP-2026-10217,UPI / QR Code Scam,58711,13,2,8,Noida Sector 18 Commercial Hub,Noida Cyber Police Station (Sec 108),DSP Sunil Kumar,+91 120 256 7890,28.57324,77.31468,77.18,53.4
NCRP-2026-10218,UPI / QR Code Scam,91122,16,1,18,Laxmi Nagar / Shakarpur Hub,East Delhi Cyber Police Station,Inspector Vikramaditya Sharma,+91 11 2244 5566,28.63045,77.27483,84.88,60.7
NCRP-2026-10219,Investment / Ponzi Fraud,45404,8,1,18,Rohini Sector 10 District Hub,North-West District Cyber Cell,Inspector Devendra Hooda,+91 11 2705 4433,28.71435,77.11215,78.03,53.3
NCRP-2026-10220,UPI / QR Code Scam,116963,20,1,18,Laxmi Nagar / Shakarpur Hub,East Delhi Cyber Police Station,Inspector Vikramaditya Sharma,+91 11 2244 5566,28.6297,77.28914,86.07,65.8
NCRP-2026-10221,Loan App Extortion,68012,1,2,19,Connaught Place Financial Circle,New Delhi District Cyber Cell,ACP Rajesh Verma,+91 11 2374 8899,28.63267,77.21786,78.45,53.1
NCRP-2026-10222,Impersonation / Vishing,14178,14,2,29,Noida Sector 18 Commercial Hub,Noida Cyber Police Station (Sec 108),DSP Sunil Kumar,+91 120 256 7890,28.56834,77.32495,73.64,48.2
NCRP-2026-10223,Impersonation / Vishing,113454,19,2,42,Noida Sector 18 Commercial Hub,Noida Cyber Police Station (Sec 108),DSP Sunil Kumar,+91 120 256 7890,28.58209,77.32765,78.23,57.3
NCRP-2026-10224,Impersonation / Vishing,27480,0,1,24,Laxmi Nagar / Shakarpur Hub,East Delhi Cyber Police Station,Inspector Vikramaditya Sharma,+91 11 2244 5566,28.62444,77.27703,88.64,57.4
NCRP-2026-10225,Impersonation / Vishing,103411,21,3,55,Connaught Place Financial Circle,New Delhi District Cyber Cell,ACP Rajesh Verma,+91 11 2374 8899,28.62328,77.22354,78.22,48.5
NCRP-2026-10226,Investment / Ponzi Fraud,96417,11,3,24,Janakpuri District Commercial Center,West District Cyber Police Station,Inspector Kuldeep Rawat,+91 11 2550 3322,28.61314,77.09894,64.66,46.2
NCRP-2026-10227,Impersonation / Vishing,33464,23,1,51,Rohini Sector 10 District Hub,North-West District Cyber Cell,Inspector Devendra Hooda,+91 11 2705 4433,28.72527,77.12296,73.77,49.2
NCRP-2026-10228,Investment / Ponzi Fraud,60654,10,2,25,Laxmi Nagar / Shakarpur Hub,East Delhi Cyber Police Station,Inspector Vikramaditya Sharma,+91 11 2244 5566,28.63664,77.2777,92.44,56.6
NCRP-2026-10229,Part-Time Job / Task Fraud,231292,0,1,20,Rohini Sector 10 District Hub,North-West District Cyber Cell,Inspector Devendra Hooda,+91 11 2705 4433,28.70643,77.10483,73.1,70.9
NCRP-2026-10230,Investment / Ponzi Fraud,11988,21,3,35,Noida Sector 18 Commercial Hub,Noida Cyber Police Station (Sec 108),DSP Sunil Kumar,+91 120 256 7890,28.57068,77.32518,70.78,38.7
NCRP-2026-10231,Loan App Extortion,56183,8,4,23,Gurugram Cyber City Commercial Outlets,Cyber Crime Police Station East Gurugram,ACP Priyanshu Dewan,+91 124 221 1100,28.49236,77.09508,78.53,43.9
NCRP-2026-10232,UPI / QR Code Scam,32017,1,1,21,Laxmi Nagar / Shakarpur Hub,East Delhi Cyber Police Station,Inspector Vikramaditya Sharma,+91 11 2244 5566,28.61596,77.28255,96.13,61.5
NCRP-2026-10233,Part-Time Job / Task Fraud,19030,23,4,54,Connaught Place Financial Circle,New Delhi District Cyber Cell,ACP Rajesh Verma,+91 11 2374 8899,28.63218,77.21807,71.88,37.3
NCRP-2026-10234,Loan App Extortion,52126,18,1,45,Gurugram Cyber City Commercial Outlets,Cyber Crime Police Station East Gurugram,ACP Priyanshu Dewan,+91 124 221 1100,28.49291,77.09183,69.82,49.4
NCRP-2026-10235,Impersonation / Vishing,55704,21,2,15,Gurugram Cyber City Commercial Outlets,Cyber Crime Police Station East Gurugram,ACP Priyanshu Dewan,+91 124 221 1100,28.50129,77.09156,69.31,50.2
NCRP-2026-10236,Loan App Extortion,11753,5,1,76,Laxmi Nagar / Shakarpur Hub,East Delhi Cyber Police Station,Inspector Vikramaditya Sharma,+91 11 2244 5566,28.64343,77.27441,92.5,54.4
NCRP-2026-10237,UPI / QR Code Scam,21359,23,2,17,Noida Sector 18 Commercial Hub,Noida Cyber Police Station (Sec 108),DSP Sunil Kumar,+91 120 256 7890,28.57039,77.31442,83.45,51.4
NCRP-2026-10238,UPI / QR Code Scam,56079,14,2,25,Gurugram Cyber City Commercial Outlets,Cyber Crime Police Station East Gurugram,ACP Priyanshu Dewan,+91 124 221 1100,28.48855,77.0719,67.39,48.4
NCRP-2026-10239,Impersonation / Vishing,28690,2,2,31,Rohini Sector 10 District Hub,North-West District Cyber Cell,Inspector Devendra Hooda,+91 11 2705 4433,28.70771,77.10834,83.96,52.5
NCRP-2026-10240,Part-Time Job / Task Fraud,76034,14,4,48,Rohini Sector 10 District Hub,North-West District Cyber Cell,Inspector Devendra Hooda,+91 11 2705 4433,28.71958,77.11047,72.86,41.3
NCRP-2026-10241,Loan App Extortion,77445,4,1,37,Laxmi Nagar / Shakarpur Hub,East Delhi Cyber Police Station,Inspector Vikramaditya Sharma,+91 11 2244 5566,28.63725,77.2831,92.76,59.1
NCRP-2026-10242,Investment / Ponzi Fraud,43435,13,1,31,Janakpuri District Commercial Center,West District Cyber Police Station,Inspector Kuldeep Rawat,+91 11 2550 3322,28.62757,77.08166,68.83,51.1
NCRP-2026-10243,Loan App Extortion,27802,7,1,38,Janakpuri District Commercial Center,West District Cyber Police Station,Inspector Kuldeep Rawat,+91 11 2550 3322,28.61944,77.08804,71.28,50.5
NCRP-2026-10244,Investment / Ponzi Fraud,23223,6,2,18,Laxmi Nagar / Shakarpur Hub,East Delhi Cyber Police Station,Inspector Vikramaditya Sharma,+91 11 2244 5566,28.63106,77.26444,88.24,54.2
NCRP-2026-10245,UPI / QR Code Scam,11712,18,2,32,Janakpuri District Commercial Center,West District Cyber Police Station,Inspector Kuldeep Rawat,+91 11 2550 3322,28.61916,77.07598,74.71,47.1
NCRP-2026-10246,Loan App Extortion,60680,17,1,55,Noida Sector 18 Commercial Hub,Noida Cyber Police Station (Sec 108),DSP Sunil Kumar,+91 120 256 7890,28.57405,77.32775,73.66,53.4
NCRP-2026-10247,Investment / Ponzi Fraud,18635,1,1,63,Noida Sector 18 Commercial Hub,Noida Cyber Police Station (Sec 108),DSP Sunil Kumar,+91 120 256 7890,28.56267,77.32044,75.37,50.5
NCRP-2026-10248,Part-Time Job / Task Fraud,72770,21,2,19,Laxmi Nagar / Shakarpur Hub,East Delhi Cyber Police Station,Inspector Vikramaditya Sharma,+91 11 2244 5566,28.61809,77.28178,79.71,53.2
NCRP-2026-10249,Investment / Ponzi Fraud,51618,1,1,30,Gurugram Cyber City Commercial Outlets,Cyber Crime Police Station East Gurugram,ACP Priyanshu Dewan,+91 124 221 1100,28.49177,77.08814,71.4,51.7
NCRP-2026-10250,Impersonation / Vishing,34522,23,2,77,Connaught Place Financial Circle,New Delhi District Cyber Cell,ACP Rajesh Verma,+91 11 2374 8899,28.6304,77.21618,85.86,50.4
NCRP-2026-10251,UPI / QR Code Scam,15566,18,2,27,Gurugram Cyber City Commercial Outlets,Cyber Crime Police Station East Gurugram,ACP Priyanshu Dewan,+91 124 221 1100,28.50509,77.08106,64.12,41.0
NCRP-2026-10252,Part-Time Job / Task Fraud,83653,8,1,21,Noida Sector 18 Commercial Hub,Noida Cyber Police Station (Sec 108),DSP Sunil Kumar,+91 120 256 7890,28.57311,77.31933,83.81,60.9
NCRP-2026-10253,Investment / Ponzi Fraud,116078,0,3,40,Laxmi Nagar / Shakarpur Hub,East Delhi Cyber Police Station,Inspector Vikramaditya Sharma,+91 11 2244 5566,28.62744,77.29413,87.34,53.5
NCRP-2026-10254,Impersonation / Vishing,72449,21,2,47,Connaught Place Financial Circle,New Delhi District Cyber Cell,ACP Rajesh Verma,+91 11 2374 8899,28.62198,77.22984,84.07,55.2
NCRP-2026-10255,Impersonation / Vishing,10975,3,4,40,Connaught Place Financial Circle,New Delhi District Cyber Cell,ACP Rajesh Verma,+91 11 2374 8899,28.6193,77.20763,80.9,40.9
NCRP-2026-10256,Loan App Extortion,66589,19,2,17,Noida Sector 18 Commercial Hub,Noida Cyber Police Station (Sec 108),DSP Sunil Kumar,+91 120 256 7890,28.57098,77.33038,75.12,52.1
NCRP-2026-10257,Loan App Extortion,25433,20,1,17,Laxmi Nagar / Shakarpur Hub,East Delhi Cyber Police Station,Inspector Vikramaditya Sharma,+91 11 2244 5566,28.6285,77.27884,90.92,60.0
NCRP-2026-10258,Impersonation / Vishing,192858,14,2,54,Laxmi Nagar / Shakarpur Hub,East Delhi Cyber Police Station,Inspector Vikramaditya Sharma,+91 11 2244 5566,28.63831,77.26649,88.72,64.4
NCRP-2026-10259,Loan App Extortion,22953,1,2,18,Connaught Place Financial Circle,New Delhi District Cyber Cell,ACP Rajesh Verma,+91 11 2374 8899,28.62833,77.21526,81.83,50.4
NCRP-2026-10260,Part-Time Job / Task Fraud,174529,21,2,19,Gurugram Cyber City Commercial Outlets,Cyber Crime Police Station East Gurugram,ACP Priyanshu Dewan,+91 124 221 1100,28.49537,77.09135,65.61,59.1
NCRP-2026-10261,UPI / QR Code Scam,209915,7,2,63,Janakpuri District Commercial Center,West District Cyber Police Station,Inspector Kuldeep Rawat,+91 11 2550 3322,28.6128,77.08028,67.94,62.2
NCRP-2026-10262,UPI / QR Code Scam,48697,8,2,35,Gurugram Cyber City Commercial Outlets,Cyber Crime Police Station East Gurugram,ACP Priyanshu Dewan,+91 124 221 1100,28.50515,77.08231,68.79,50.3
NCRP-2026-10263,Part-Time Job / Task Fraud,44717,20,4,39,Noida Sector 18 Commercial Hub,Noida Cyber Police Station (Sec 108),DSP Sunil Kumar,+91 120 256 7890,28.55794,77.32748,78.74,41.6
NCRP-2026-10264,Loan App Extortion,109740,7,1,22,Laxmi Nagar / Shakarpur Hub,East Delhi Cyber Police Station,Inspector Vikramaditya Sharma,+91 11 2244 5566,28.64871,77.26485,90.35,64.0
NCRP-2026-10265,Loan App Extortion,25024,17,2,31,Gurugram Cyber City Commercial Outlets,Cyber Crime Police Station East Gurugram,ACP Priyanshu Dewan,+91 124 221 1100,28.49558,77.09215,65.35,42.4
NCRP-2026-10266,UPI / QR Code Scam,69917,10,2,26,Janakpuri District Commercial Center,West District Cyber Police Station,Inspector Kuldeep Rawat,+91 11 2550 3322,28.61532,77.09834,67.03,48.6
NCRP-2026-10267,Investment / Ponzi Fraud,56199,4,1,39,Noida Sector 18 Commercial Hub,Noida Cyber Police Station (Sec 108),DSP Sunil Kumar,+91 120 256 7890,28.5753,77.32934,77.17,54.2
NCRP-2026-10268,Impersonation / Vishing,46147,15,1,21,Laxmi Nagar / Shakarpur Hub,East Delhi Cyber Police Station,Inspector Vikramaditya Sharma,+91 11 2244 5566,28.62648,77.28105,87.74,57.9
NCRP-2026-10269,Investment / Ponzi Fraud,42845,2,2,32,Laxmi Nagar / Shakarpur Hub,East Delhi Cyber Police Station,Inspector Vikramaditya Sharma,+91 11 2244 5566,28.65837,77.26559,88.6,55.8
NCRP-2026-10270,UPI / QR Code Scam,36858,0,1,28,Connaught Place Financial Circle,New Delhi District Cyber Cell,ACP Rajesh Verma,+91 11 2374 8899,28.64146,77.20137,78.18,55.9
NCRP-2026-10271,Impersonation / Vishing,38227,10,2,10,Connaught Place Financial Circle,New Delhi District Cyber Cell,ACP Rajesh Verma,+91 11 2374 8899,28.62282,77.22237,78.95,52.9
NCRP-2026-10272,Investment / Ponzi Fraud,85789,9,3,13,Connaught Place Financial Circle,New Delhi District Cyber Cell,ACP Rajesh Verma,+91 11 2374 8899,28.62999,77.22407,82.85,54.8
NCRP-2026-10273,Impersonation / Vishing,32655,14,3,17,Noida Sector 18 Commercial Hub,Noida Cyber Police Station (Sec 108),DSP Sunil Kumar,+91 120 256 7890,28.57154,77.32347,77.64,46.2
NCRP-2026-10274,Impersonation / Vishing,97087,1,3,11,Rohini Sector 10 District Hub,North-West District Cyber Cell,Inspector Devendra Hooda,+91 11 2705 4433,28.71068,77.12441,76.28,52.1
NCRP-2026-10275,Impersonation / Vishing,54632,21,2,17,Connaught Place Financial Circle,New Delhi District Cyber Cell,ACP Rajesh Verma,+91 11 2374 8899,28.64485,77.23618,84.58,55.2
NCRP-2026-10276,Investment / Ponzi Fraud,77719,4,3,44,Connaught Place Financial Circle,New Delhi District Cyber Cell,ACP Rajesh Verma,+91 11 2374 8899,28.63693,77.20751,82.95,50.6
NCRP-2026-10277,UPI / QR Code Scam,394641,3,4,20,Connaught Place Financial Circle,New Delhi District Cyber Cell,ACP Rajesh Verma,+91 11 2374 8899,28.62863,77.21011,87.69,74.0
NCRP-2026-10278,UPI / QR Code Scam,11044,1,3,38,Connaught Place Financial Circle,New Delhi District Cyber Cell,ACP Rajesh Verma,+91 11 2374 8899,28.64348,77.21266,82.42,43.4
NCRP-2026-10279,UPI / QR Code Scam,16959,4,1,77,Connaught Place Financial Circle,New Delhi District Cyber Cell,ACP Rajesh Verma,+91 11 2374 8899,28.63266,77.22063,94.44,52.3
NCRP-2026-10280,UPI / QR Code Scam,15170,5,3,50,Noida Sector 18 Commercial Hub,Noida Cyber Police Station (Sec 108),DSP Sunil Kumar,+91 120 256 7890,28.56796,77.32297,81.7,43.8
NCRP-2026-10281,UPI / QR Code Scam,18558,16,2,35,Laxmi Nagar / Shakarpur Hub,East Delhi Cyber Police Station,Inspector Vikramaditya Sharma,+91 11 2244 5566,28.63553,77.26839,94.7,53.8
NCRP-2026-10282,Investment / Ponzi Fraud,34488,3,2,27,Connaught Place Financial Circle,New Delhi District Cyber Cell,ACP Rajesh Verma,+91 11 2374 8899,28.64183,77.18961,83.82,51.5
NCRP-2026-10283,Investment / Ponzi Fraud,48906,20,2,40,Noida Sector 18 Commercial Hub,Noida Cyber Police Station (Sec 108),DSP Sunil Kumar,+91 120 256 7890,28.57325,77.34074,79.68,49.0
NCRP-2026-10284,Investment / Ponzi Fraud,92719,3,2,47,Gurugram Cyber City Commercial Outlets,Cyber Crime Police Station East Gurugram,ACP Priyanshu Dewan,+91 124 221 1100,28.49856,77.08708,65.76,48.9
NCRP-2026-10285,Investment / Ponzi Fraud,24218,7,1,11,Janakpuri District Commercial Center,West District Cyber Police Station,Inspector Kuldeep Rawat,+91 11 2550 3322,28.62212,77.08861,73.63,51.9
NCRP-2026-10286,Investment / Ponzi Fraud,115180,4,1,18,Noida Sector 18 Commercial Hub,Noida Cyber Police Station (Sec 108),DSP Sunil Kumar,+91 120 256 7890,28.5699,77.33162,81.73,62.2
NCRP-2026-10287,Loan App Extortion,86823,6,2,22,Rohini Sector 10 District Hub,North-West District Cyber Cell,Inspector Devendra Hooda,+91 11 2705 4433,28.71722,77.11438,69.7,52.0
NCRP-2026-10288,UPI / QR Code Scam,206531,9,1,61,Connaught Place Financial Circle,New Delhi District Cyber Cell,ACP Rajesh Verma,+91 11 2374 8899,28.62744,77.20335,79.55,67.2
NCRP-2026-10289,Part-Time Job / Task Fraud,56504,1,2,16,Laxmi Nagar / Shakarpur Hub,East Delhi Cyber Police Station,Inspector Vikramaditya Sharma,+91 11 2244 5566,28.62402,77.27759,83.98,54.1
NCRP-2026-10290,Investment / Ponzi Fraud,14829,11,2,29,Rohini Sector 10 District Hub,North-West District Cyber Cell,Inspector Devendra Hooda,+91 11 2705 4433,28.71523,77.11619,71.5,46.3
NCRP-2026-10291,UPI / QR Code Scam,65745,5,1,39,Connaught Place Financial Circle,New Delhi District Cyber Cell,ACP Rajesh Verma,+91 11 2374 8899,28.61826,77.23379,75.85,56.0
NCRP-2026-10292,UPI / QR Code Scam,21981,18,3,34,Laxmi Nagar / Shakarpur Hub,East Delhi Cyber Police Station,Inspector Vikramaditya Sharma,+91 11 2244 5566,28.64764,77.26948,82.69,45.8
NCRP-2026-10293,Part-Time Job / Task Fraud,147652,8,2,26,Laxmi Nagar / Shakarpur Hub,East Delhi Cyber Police Station,Inspector Vikramaditya Sharma,+91 11 2244 5566,28.61934,77.28963,89.99,63.7
NCRP-2026-10294,Investment / Ponzi Fraud,44461,21,1,33,Rohini Sector 10 District Hub,North-West District Cyber Cell,Inspector Devendra Hooda,+91 11 2705 4433,28.72107,77.10576,76.19,54.2
NCRP-2026-10295,Loan App Extortion,57504,8,1,21,Rohini Sector 10 District Hub,North-West District Cyber Cell,Inspector Devendra Hooda,+91 11 2705 4433,28.71603,77.11401,76.05,54.0
NCRP-2026-10296,UPI / QR Code Scam,25790,15,3,16,Laxmi Nagar / Shakarpur Hub,East Delhi Cyber Police Station,Inspector Vikramaditya Sharma,+91 11 2244 5566,28.62413,77.27178,80.49,46.7
NCRP-2026-10297,Investment / Ponzi Fraud,96575,12,3,33,Rohini Sector 10 District Hub,North-West District Cyber Cell,Inspector Devendra Hooda,+91 11 2705 4433,28.71916,77.11832,65.05,45.2
NCRP-2026-10298,Impersonation / Vishing,136767,5,3,44,Noida Sector 18 Commercial Hub,Noida Cyber Police Station (Sec 108),DSP Sunil Kumar,+91 120 256 7890,28.56932,77.32104,76.44,51.3
NCRP-2026-10299,Investment / Ponzi Fraud,59746,10,2,27,Rohini Sector 10 District Hub,North-West District Cyber Cell,Inspector Devendra Hooda,+91 11 2705 4433,28.71405,77.12633,80.09,52.9
NCRP-2026-10300,Loan App Extortion,11107,3,2,17,Gurugram Cyber City Commercial Outlets,Cyber Crime Police Station East Gurugram,ACP Priyanshu Dewan,+91 124 221 1100,28.49137,77.07531,58.28,38.8
NCRP-2026-10301,Loan App Extortion,63235,0,3,28,Laxmi Nagar / Shakarpur Hub,East Delhi Cyber Police Station,Inspector Vikramaditya Sharma,+91 11 2244 5566,28.62646,77.28885,83.98,49.8
NCRP-2026-10302,Impersonation / Vishing,67780,2,3,73,Rohini Sector 10 District Hub,North-West District Cyber Cell,Inspector Devendra Hooda,+91 11 2705 4433,28.71699,77.11602,67.06,44.1
NCRP-2026-10303,UPI / QR Code Scam,28393,22,4,14,Connaught Place Financial Circle,New Delhi District Cyber Cell,ACP Rajesh Verma,+91 11 2374 8899,28.63535,77.22108,76.55,39.5
NCRP-2026-10304,UPI / QR Code Scam,46865,4,2,30,Connaught Place Financial Circle,New Delhi District Cyber Cell,ACP Rajesh Verma,+91 11 2374 8899,28.6277,77.22496,82.66,52.9
NCRP-2026-10305,Impersonation / Vishing,36474,13,2,22,Laxmi Nagar / Shakarpur Hub,East Delhi Cyber Police Station,Inspector Vikramaditya Sharma,+91 11 2244 5566,28.62746,77.26261,88.45,52.6
NCRP-2026-10306,Investment / Ponzi Fraud,15565,3,1,14,Laxmi Nagar / Shakarpur Hub,East Delhi Cyber Police Station,Inspector Vikramaditya Sharma,+91 11 2244 5566,28.64436,77.27162,82.49,54.0
NCRP-2026-10307,Investment / Ponzi Fraud,50695,14,3,35,Laxmi Nagar / Shakarpur Hub,East Delhi Cyber Police Station,Inspector Vikramaditya Sharma,+91 11 2244 5566,28.62588,77.2782,92.34,50.1
NCRP-2026-10308,UPI / QR Code Scam,112214,1,1,28,Laxmi Nagar / Shakarpur Hub,East Delhi Cyber Police Station,Inspector Vikramaditya Sharma,+91 11 2244 5566,28.63884,77.25621,91.03,65.8
NCRP-2026-10309,Impersonation / Vishing,16068,16,2,34,Noida Sector 18 Commercial Hub,Noida Cyber Police Station (Sec 108),DSP Sunil Kumar,+91 120 256 7890,28.57074,77.32608,80.15,48.6
NCRP-2026-10310,UPI / QR Code Scam,118411,10,2,67,Janakpuri District Commercial Center,West District Cyber Police Station,Inspector Kuldeep Rawat,+91 11 2550 3322,28.63257,77.08055,75.66,55.1
NCRP-2026-10311,Impersonation / Vishing,21372,11,1,26,Janakpuri District Commercial Center,West District Cyber Police Station,Inspector Kuldeep Rawat,+91 11 2550 3322,28.63049,77.09631,73.33,50.8
NCRP-2026-10312,Part-Time Job / Task Fraud,34536,7,1,27,Gurugram Cyber City Commercial Outlets,Cyber Crime Police Station East Gurugram,ACP Priyanshu Dewan,+91 124 221 1100,28.49282,77.0831,71.39,50.7
NCRP-2026-10313,Loan App Extortion,13849,1,2,20,Gurugram Cyber City Commercial Outlets,Cyber Crime Police Station East Gurugram,ACP Priyanshu Dewan,+91 124 221 1100,28.47722,77.09103,63.69,42.4
NCRP-2026-10314,Investment / Ponzi Fraud,33067,19,1,25,Connaught Place Financial Circle,New Delhi District Cyber Cell,ACP Rajesh Verma,+91 11 2374 8899,28.62599,77.21171,86.44,57.4
NCRP-2026-10315,UPI / QR Code Scam,15011,23,2,13,Janakpuri District Commercial Center,West District Cyber Police Station,Inspector Kuldeep Rawat,+91 11 2550 3322,28.61866,77.09937,77.59,48.5
NCRP-2026-10316,Investment / Ponzi Fraud,17560,4,1,58,Janakpuri District Commercial Center,West District Cyber Police Station,Inspector Kuldeep Rawat,+91 11 2550 3322,28.62522,77.08847,70.23,47.7
NCRP-2026-10317,Part-Time Job / Task Fraud,81088,2,2,31,Gurugram Cyber City Commercial Outlets,Cyber Crime Police Station East Gurugram,ACP Priyanshu Dewan,+91 124 221 1100,28.49136,77.09235,75.46,50.5
NCRP-2026-10318,Impersonation / Vishing,25800,7,2,24,Laxmi Nagar / Shakarpur Hub,East Delhi Cyber Police Station,Inspector Vikramaditya Sharma,+91 11 2244 5566,28.63928,77.29177,86.52,51.7
NCRP-2026-10319,Part-Time Job / Task Fraud,14004,1,1,28,Gurugram Cyber City Commercial Outlets,Cyber Crime Police Station East Gurugram,ACP Priyanshu Dewan,+91 124 221 1100,28.48396,77.07852,67.67,46.6
NCRP-2026-10320,Impersonation / Vishing,78962,0,2,37,Noida Sector 18 Commercial Hub,Noida Cyber Police Station (Sec 108),DSP Sunil Kumar,+91 120 256 7890,28.57515,77.3435,73.95,51.4
NCRP-2026-10321,UPI / QR Code Scam,94353,3,2,40,Noida Sector 18 Commercial Hub,Noida Cyber Police Station (Sec 108),DSP Sunil Kumar,+91 120 256 7890,28.57641,77.33279,80.79,53.1
NCRP-2026-10322,Impersonation / Vishing,11987,17,3,13,Noida Sector 18 Commercial Hub,Noida Cyber Police Station (Sec 108),DSP Sunil Kumar,+91 120 256 7890,28.5736,77.31348,76.71,43.7
NCRP-2026-10323,Impersonation / Vishing,78917,0,2,42,Noida Sector 18 Commercial Hub,Noida Cyber Police Station (Sec 108),DSP Sunil Kumar,+91 120 256 7890,28.56544,77.3282,80.45,52.4
NCRP-2026-10324,Loan App Extortion,29143,2,1,53,Noida Sector 18 Commercial Hub,Noida Cyber Police Station (Sec 108),DSP Sunil Kumar,+91 120 256 7890,28.55673,77.33111,75.61,47.6
NCRP-2026-10325,Impersonation / Vishing,81837,22,3,49,Rohini Sector 10 District Hub,North-West District Cyber Cell,Inspector Devendra Hooda,+91 11 2705 4433,28.72088,77.12533,83.08,50.9
NCRP-2026-10326,Investment / Ponzi Fraud,60850,18,2,17,Noida Sector 18 Commercial Hub,Noida Cyber Police Station (Sec 108),DSP Sunil Kumar,+91 120 256 7890,28.56547,77.32465,84.13,55.0
NCRP-2026-10327,Investment / Ponzi Fraud,58185,4,4,39,Janakpuri District Commercial Center,West District Cyber Police Station,Inspector Kuldeep Rawat,+91 11 2550 3322,28.61,77.07661,75.54,44.1
NCRP-2026-10328,UPI / QR Code Scam,109623,23,4,28,Gurugram Cyber City Commercial Outlets,Cyber Crime Police Station East Gurugram,ACP Priyanshu Dewan,+91 124 221 1100,28.4917,77.09797,62.89,42.7
NCRP-2026-10329,Part-Time Job / Task Fraud,60521,3,2,13,Rohini Sector 10 District Hub,North-West District Cyber Cell,Inspector Devendra Hooda,+91 11 2705 4433,28.70996,77.11082,83.95,54.4
NCRP-2026-10330,Part-Time Job / Task Fraud,70138,11,2,38,Laxmi Nagar / Shakarpur Hub,East Delhi Cyber Police Station,Inspector Vikramaditya Sharma,+91 11 2244 5566,28.63458,77.28795,89.07,55.6
NCRP-2026-10331,Loan App Extortion,26218,3,1,22,Noida Sector 18 Commercial Hub,Noida Cyber Police Station (Sec 108),DSP Sunil Kumar,+91 120 256 7890,28.57273,77.31679,79.0,54.1
NCRP-2026-10332,Investment / Ponzi Fraud,56677,19,1,43,Laxmi Nagar / Shakarpur Hub,East Delhi Cyber Police Station,Inspector Vikramaditya Sharma,+91 11 2244 5566,28.62394,77.27611,94.57,57.1
NCRP-2026-10333,Impersonation / Vishing,26880,8,4,32,Gurugram Cyber City Commercial Outlets,Cyber Crime Police Station East Gurugram,ACP Priyanshu Dewan,+91 124 221 1100,28.50024,77.08307,68.3,37.7
NCRP-2026-10334,Part-Time Job / Task Fraud,195134,16,2,23,Laxmi Nagar / Shakarpur Hub,East Delhi Cyber Police Station,Inspector Vikramaditya Sharma,+91 11 2244 5566,28.62627,77.27573,90.63,68.7
NCRP-2026-10335,Impersonation / Vishing,41659,5,4,26,Laxmi Nagar / Shakarpur Hub,East Delhi Cyber Police Station,Inspector Vikramaditya Sharma,+91 11 2244 5566,28.62512,77.27166,84.92,47.0
NCRP-2026-10336,Part-Time Job / Task Fraud,26312,7,1,14,Janakpuri District Commercial Center,West District Cyber Police Station,Inspector Kuldeep Rawat,+91 11 2550 3322,28.62141,77.09164,74.34,52.6
NCRP-2026-10337,Part-Time Job / Task Fraud,13230,4,1,31,Connaught Place Financial Circle,New Delhi District Cyber Cell,ACP Rajesh Verma,+91 11 2374 8899,28.64245,77.20759,83.15,51.8
NCRP-2026-10338,Loan App Extortion,18479,5,3,15,Janakpuri District Commercial Center,West District Cyber Police Station,Inspector Kuldeep Rawat,+91 11 2550 3322,28.62871,77.0998,67.5,38.7
NCRP-2026-10339,Part-Time Job / Task Fraud,28297,22,1,14,Noida Sector 18 Commercial Hub,Noida Cyber Police Station (Sec 108),DSP Sunil Kumar,+91 120 256 7890,28.57016,77.31934,68.71,50.0
NCRP-2026-10340,UPI / QR Code Scam,28834,22,3,14,Rohini Sector 10 District Hub,North-West District Cyber Cell,Inspector Devendra Hooda,+91 11 2705 4433,28.71976,77.11765,73.0,41.8
NCRP-2026-10341,Impersonation / Vishing,32424,2,3,34,Noida Sector 18 Commercial Hub,Noida Cyber Police Station (Sec 108),DSP Sunil Kumar,+91 120 256 7890,28.58078,77.3255,75.16,45.3
NCRP-2026-10342,Investment / Ponzi Fraud,76635,13,2,32,Gurugram Cyber City Commercial Outlets,Cyber Crime Police Station East Gurugram,ACP Priyanshu Dewan,+91 124 221 1100,28.49554,77.10026,61.93,48.3
NCRP-2026-10343,UPI / QR Code Scam,26331,2,1,20,Laxmi Nagar / Shakarpur Hub,East Delhi Cyber Police Station,Inspector Vikramaditya Sharma,+91 11 2244 5566,28.62007,77.27963,91.33,62.0
NCRP-2026-10344,Part-Time Job / Task Fraud,75367,4,1,15,Janakpuri District Commercial Center,West District Cyber Police Station,Inspector Kuldeep Rawat,+91 11 2550 3322,28.61946,77.09371,74.73,54.9
NCRP-2026-10345,UPI / QR Code Scam,58838,9,3,57,Noida Sector 18 Commercial Hub,Noida Cyber Police Station (Sec 108),DSP Sunil Kumar,+91 120 256 7890,28.58275,77.33022,80.76,46.6
NCRP-2026-10346,Impersonation / Vishing,23530,12,4,40,Noida Sector 18 Commercial Hub,Noida Cyber Police Station (Sec 108),DSP Sunil Kumar,+91 120 256 7890,28.56571,77.31858,78.73,38.5
NCRP-2026-10347,Part-Time Job / Task Fraud,18390,1,3,73,Noida Sector 18 Commercial Hub,Noida Cyber Police Station (Sec 108),DSP Sunil Kumar,+91 120 256 7890,28.58353,77.32435,78.48,37.5
NCRP-2026-10348,Loan App Extortion,11546,20,1,14,Connaught Place Financial Circle,New Delhi District Cyber Cell,ACP Rajesh Verma,+91 11 2374 8899,28.62842,77.21976,84.61,55.5
NCRP-2026-10349,Loan App Extortion,11776,0,3,39,Noida Sector 18 Commercial Hub,Noida Cyber Police Station (Sec 108),DSP Sunil Kumar,+91 120 256 7890,28.56559,77.32601,81.03,44.0
NCRP-2026-10350,Investment / Ponzi Fraud,26498,11,2,21,Rohini Sector 10 District Hub,North-West District Cyber Cell,Inspector Devendra Hooda,+91 11 2705 4433,28.71789,77.10755,80.03,49.3
NCRP-2026-10351,Investment / Ponzi Fraud,107068,7,3,19,Rohini Sector 10 District Hub,North-West District Cyber Cell,Inspector Devendra Hooda,+91 11 2705 4433,28.71813,77.10328,74.34,51.6
NCRP-2026-10352,Loan App Extortion,31162,16,1,53,Noida Sector 18 Commercial Hub,Noida Cyber Police Station (Sec 108),DSP Sunil Kumar,+91 120 256 7890,28.56505,77.33196,84.81,52.9
NCRP-2026-10353,Investment / Ponzi Fraud,26537,12,1,47,Janakpuri District Commercial Center,West District Cyber Police Station,Inspector Kuldeep Rawat,+91 11 2550 3322,28.61479,77.09544,76.15,50.2
NCRP-2026-10354,Part-Time Job / Task Fraud,39241,0,1,28,Connaught Place Financial Circle,New Delhi District Cyber Cell,ACP Rajesh Verma,+91 11 2374 8899,28.62667,77.21486,82.92,55.4
NCRP-2026-10355,Investment / Ponzi Fraud,18153,13,2,32,Gurugram Cyber City Commercial Outlets,Cyber Crime Police Station East Gurugram,ACP Priyanshu Dewan,+91 124 221 1100,28.49779,77.08032,70.9,44.1
NCRP-2026-10356,Part-Time Job / Task Fraud,12860,14,2,22,Gurugram Cyber City Commercial Outlets,Cyber Crime Police Station East Gurugram,ACP Priyanshu Dewan,+91 124 221 1100,28.49973,77.09509,70.3,44.4
NCRP-2026-10357,Loan App Extortion,68729,0,2,30,Gurugram Cyber City Commercial Outlets,Cyber Crime Police Station East Gurugram,ACP Priyanshu Dewan,+91 124 221 1100,28.49304,77.09425,68.31,48.4
NCRP-2026-10358,Part-Time Job / Task Fraud,47906,5,2,42,Janakpuri District Commercial Center,West District Cyber Police Station,Inspector Kuldeep Rawat,+91 11 2550 3322,28.62472,77.08324,77.49,50.1
NCRP-2026-10359,Part-Time Job / Task Fraud,76025,3,2,74,Noida Sector 18 Commercial Hub,Noida Cyber Police Station (Sec 108),DSP Sunil Kumar,+91 120 256 7890,28.56858,77.33172,78.88,47.1
NCRP-2026-10360,Investment / Ponzi Fraud,53002,22,2,30,Connaught Place Financial Circle,New Delhi District Cyber Cell,ACP Rajesh Verma,+91 11 2374 8899,28.63052,77.21745,78.65,50.5
NCRP-2026-10361,Part-Time Job / Task Fraud,15449,12,2,33,Noida Sector 18 Commercial Hub,Noida Cyber Police Station (Sec 108),DSP Sunil Kumar,+91 120 256 7890,28.57419,77.34265,77.38,46.5
NCRP-2026-10362,Part-Time Job / Task Fraud,16148,11,2,15,Janakpuri District Commercial Center,West District Cyber Police Station,Inspector Kuldeep Rawat,+91 11 2550 3322,28.6173,77.08444,72.89,46.0
NCRP-2026-10363,UPI / QR Code Scam,31602,7,1,29,Janakpuri District Commercial Center,West District Cyber Police Station,Inspector Kuldeep Rawat,+91 11 2550 3322,28.62115,77.09841,69.48,49.5
NCRP-2026-10364,Impersonation / Vishing,20085,7,3,22,Connaught Place Financial Circle,New Delhi District Cyber Cell,ACP Rajesh Verma,+91 11 2374 8899,28.63256,77.22338,86.62,47.4
NCRP-2026-10365,Part-Time Job / Task Fraud,56025,14,2,14,Laxmi Nagar / Shakarpur Hub,East Delhi Cyber Police Station,Inspector Vikramaditya Sharma,+91 11 2244 5566,28.62926,77.27123,86.75,55.0
NCRP-2026-10366,Investment / Ponzi Fraud,45902,10,1,48,Connaught Place Financial Circle,New Delhi District Cyber Cell,ACP Rajesh Verma,+91 11 2374 8899,28.62574,77.2106,87.38,55.4
NCRP-2026-10367,Part-Time Job / Task Fraud,57315,16,3,27,Noida Sector 18 Commercial Hub,Noida Cyber Police Station (Sec 108),DSP Sunil Kumar,+91 120 256 7890,28.57403,77.32942,80.12,48.1
NCRP-2026-10368,Investment / Ponzi Fraud,26984,7,1,14,Noida Sector 18 Commercial Hub,Noida Cyber Police Station (Sec 108),DSP Sunil Kumar,+91 120 256 7890,28.56357,77.32033,76.83,51.7
NCRP-2026-10369,Impersonation / Vishing,168644,12,3,27,Connaught Place Financial Circle,New Delhi District Cyber Cell,ACP Rajesh Verma,+91 11 2374 8899,28.64554,77.21685,79.44,57.2
NCRP-2026-10370,Impersonation / Vishing,47888,4,3,14,Rohini Sector 10 District Hub,North-West District Cyber Cell,Inspector Devendra Hooda,+91 11 2705 4433,28.72762,77.11021,66.54,44.1
NCRP-2026-10371,Loan App Extortion,44705,9,3,90,Laxmi Nagar / Shakarpur Hub,East Delhi Cyber Police Station,Inspector Vikramaditya Sharma,+91 11 2244 5566,28.63243,77.27432,77.34,42.5
NCRP-2026-10372,Impersonation / Vishing,98155,10,4,26,Laxmi Nagar / Shakarpur Hub,East Delhi Cyber Police Station,Inspector Vikramaditya Sharma,+91 11 2244 5566,28.63162,77.28523,89.68,50.6
NCRP-2026-10373,UPI / QR Code Scam,17101,21,3,29,Janakpuri District Commercial Center,West District Cyber Police Station,Inspector Kuldeep Rawat,+91 11 2550 3322,28.61999,77.09809,70.65,36.4
NCRP-2026-10374,Part-Time Job / Task Fraud,13397,14,2,44,Noida Sector 18 Commercial Hub,Noida Cyber Police Station (Sec 108),DSP Sunil Kumar,+91 120 256 7890,28.56309,77.32101,77.97,45.8
NCRP-2026-10375,Investment / Ponzi Fraud,124121,13,2,49,Laxmi Nagar / Shakarpur Hub,East Delhi Cyber Police Station,Inspector Vikramaditya Sharma,+91 11 2244 5566,28.64237,77.27349,94.62,61.5
NCRP-2026-10376,UPI / QR Code Scam,26417,1,3,20,Connaught Place Financial Circle,New Delhi District Cyber Cell,ACP Rajesh Verma,+91 11 2374 8899,28.62287,77.20954,81.58,48.0
NCRP-2026-10377,Loan App Extortion,156643,11,1,43,Laxmi Nagar / Shakarpur Hub,East Delhi Cyber Police Station,Inspector Vikramaditya Sharma,+91 11 2244 5566,28.63387,77.28268,83.8,64.7
NCRP-2026-10378,Loan App Extortion,71797,7,3,44,Gurugram Cyber City Commercial Outlets,Cyber Crime Police Station East Gurugram,ACP Priyanshu Dewan,+91 124 221 1100,28.48133,77.09223,59.49,41.5
NCRP-2026-10379,Part-Time Job / Task Fraud,29103,3,3,19,Noida Sector 18 Commercial Hub,Noida Cyber Police Station (Sec 108),DSP Sunil Kumar,+91 120 256 7890,28.56705,77.32146,81.37,50.3
NCRP-2026-10380,Impersonation / Vishing,69176,19,1,69,Janakpuri District Commercial Center,West District Cyber Police Station,Inspector Kuldeep Rawat,+91 11 2550 3322,28.62486,77.08683,69.57,50.1
NCRP-2026-10381,Impersonation / Vishing,36250,15,1,13,Laxmi Nagar / Shakarpur Hub,East Delhi Cyber Police Station,Inspector Vikramaditya Sharma,+91 11 2244 5566,28.63405,77.27085,92.32,60.5
NCRP-2026-10382,UPI / QR Code Scam,16511,18,2,15,Connaught Place Financial Circle,New Delhi District Cyber Cell,ACP Rajesh Verma,+91 11 2374 8899,28.62687,77.20659,82.57,49.6
NCRP-2026-10383,Part-Time Job / Task Fraud,48302,21,2,22,Laxmi Nagar / Shakarpur Hub,East Delhi Cyber Police Station,Inspector Vikramaditya Sharma,+91 11 2244 5566,28.62137,77.27833,87.78,53.6
NCRP-2026-10384,Investment / Ponzi Fraud,45370,18,4,18,Noida Sector 18 Commercial Hub,Noida Cyber Police Station (Sec 108),DSP Sunil Kumar,+91 120 256 7890,28.56707,77.33593,71.86,42.2
NCRP-2026-10385,Investment / Ponzi Fraud,21252,20,2,31,Connaught Place Financial Circle,New Delhi District Cyber Cell,ACP Rajesh Verma,+91 11 2374 8899,28.61646,77.22586,87.88,53.4
NCRP-2026-10386,Investment / Ponzi Fraud,82485,1,2,19,Laxmi Nagar / Shakarpur Hub,East Delhi Cyber Police Station,Inspector Vikramaditya Sharma,+91 11 2244 5566,28.63276,77.26968,91.6,58.2
NCRP-2026-10387,Loan App Extortion,56209,15,1,67,Connaught Place Financial Circle,New Delhi District Cyber Cell,ACP Rajesh Verma,+91 11 2374 8899,28.63511,77.22391,85.67,52.3
NCRP-2026-10388,Impersonation / Vishing,59085,8,2,42,Connaught Place Financial Circle,New Delhi District Cyber Cell,ACP Rajesh Verma,+91 11 2374 8899,28.62537,77.2083,86.29,53.4
NCRP-2026-10389,Part-Time Job / Task Fraud,42555,1,2,54,Laxmi Nagar / Shakarpur Hub,East Delhi Cyber Police Station,Inspector Vikramaditya Sharma,+91 11 2244 5566,28.633,77.27053,83.72,50.9
NCRP-2026-10390,Impersonation / Vishing,64506,13,2,17,Noida Sector 18 Commercial Hub,Noida Cyber Police Station (Sec 108),DSP Sunil Kumar,+91 120 256 7890,28.58609,77.32163,84.49,55.2
NCRP-2026-10391,Impersonation / Vishing,134607,11,1,49,Noida Sector 18 Commercial Hub,Noida Cyber Police Station (Sec 108),DSP Sunil Kumar,+91 120 256 7890,28.58641,77.31265,78.92,60.5
NCRP-2026-10392,Impersonation / Vishing,66406,3,2,30,Rohini Sector 10 District Hub,North-West District Cyber Cell,Inspector Devendra Hooda,+91 11 2705 4433,28.70104,77.11559,71.48,49.6
NCRP-2026-10393,Impersonation / Vishing,10818,5,2,68,Rohini Sector 10 District Hub,North-West District Cyber Cell,Inspector Devendra Hooda,+91 11 2705 4433,28.7102,77.1244,71.49,42.5
NCRP-2026-10394,Investment / Ponzi Fraud,35710,7,1,32,Laxmi Nagar / Shakarpur Hub,East Delhi Cyber Police Station,Inspector Vikramaditya Sharma,+91 11 2244 5566,28.62738,77.27122,82.81,53.9
NCRP-2026-10395,UPI / QR Code Scam,168067,2,3,30,Laxmi Nagar / Shakarpur Hub,East Delhi Cyber Police Station,Inspector Vikramaditya Sharma,+91 11 2244 5566,28.62434,77.28666,94.23,61.5
NCRP-2026-10396,Investment / Ponzi Fraud,42700,11,1,13,Gurugram Cyber City Commercial Outlets,Cyber Crime Police Station East Gurugram,ACP Priyanshu Dewan,+91 124 221 1100,28.4865,77.08518,72.28,53.0
NCRP-2026-10397,Loan App Extortion,29796,14,1,33,Gurugram Cyber City Commercial Outlets,Cyber Crime Police Station East Gurugram,ACP Priyanshu Dewan,+91 124 221 1100,28.49593,77.09972,63.39,48.3
NCRP-2026-10398,Loan App Extortion,53195,11,2,33,Laxmi Nagar / Shakarpur Hub,East Delhi Cyber Police Station,Inspector Vikramaditya Sharma,+91 11 2244 5566,28.6395,77.26996,88.47,54.1
NCRP-2026-10399,Loan App Extortion,43869,12,3,49,Rohini Sector 10 District Hub,North-West District Cyber Cell,Inspector Devendra Hooda,+91 11 2705 4433,28.71453,77.10867,79.96,45.7
NCRP-2026-10400,Loan App Extortion,83813,23,1,16,Connaught Place Financial Circle,New Delhi District Cyber Cell,ACP Rajesh Verma,+91 11 2374 8899,28.65297,77.20824,79.0,59.7
NCRP-2026-10401,UPI / QR Code Scam,47034,18,2,25,Laxmi Nagar / Shakarpur Hub,East Delhi Cyber Police Station,Inspector Vikramaditya Sharma,+91 11 2244 5566,28.63004,77.28034,91.35,57.5
NCRP-2026-10402,Loan App Extortion,32692,10,3,38,Janakpuri District Commercial Center,West District Cyber Police Station,Inspector Kuldeep Rawat,+91 11 2550 3322,28.62381,77.10052,74.01,44.6
NCRP-2026-10403,Loan App Extortion,82734,21,1,25,Connaught Place Financial Circle,New Delhi District Cyber Cell,ACP Rajesh Verma,+91 11 2374 8899,28.64587,77.21371,87.7,60.2
NCRP-2026-10404,UPI / QR Code Scam,24442,22,1,25,Noida Sector 18 Commercial Hub,Noida Cyber Police Station (Sec 108),DSP Sunil Kumar,+91 120 256 7890,28.56617,77.33143,75.62,50.4
NCRP-2026-10405,Loan App Extortion,63662,16,1,28,Connaught Place Financial Circle,New Delhi District Cyber Cell,ACP Rajesh Verma,+91 11 2374 8899,28.63017,77.20669,78.29,54.9
NCRP-2026-10406,UPI / QR Code Scam,63894,21,2,13,Gurugram Cyber City Commercial Outlets,Cyber Crime Police Station East Gurugram,ACP Priyanshu Dewan,+91 124 221 1100,28.49328,77.07515,68.69,49.6
NCRP-2026-10407,UPI / QR Code Scam,56040,17,2,14,Gurugram Cyber City Commercial Outlets,Cyber Crime Police Station East Gurugram,ACP Priyanshu Dewan,+91 124 221 1100,28.49929,77.08888,69.93,49.0
NCRP-2026-10408,Investment / Ponzi Fraud,22098,6,2,45,Laxmi Nagar / Shakarpur Hub,East Delhi Cyber Police Station,Inspector Vikramaditya Sharma,+91 11 2244 5566,28.62298,77.28931,86.68,51.3
NCRP-2026-10409,Investment / Ponzi Fraud,54918,17,1,33,Connaught Place Financial Circle,New Delhi District Cyber Cell,ACP Rajesh Verma,+91 11 2374 8899,28.62739,77.23261,81.11,52.0
NCRP-2026-10410,Loan App Extortion,98140,21,2,61,Noida Sector 18 Commercial Hub,Noida Cyber Police Station (Sec 108),DSP Sunil Kumar,+91 120 256 7890,28.56161,77.33004,75.17,52.2
NCRP-2026-10411,UPI / QR Code Scam,53451,4,1,34,Gurugram Cyber City Commercial Outlets,Cyber Crime Police Station East Gurugram,ACP Priyanshu Dewan,+91 124 221 1100,28.50239,77.09299,66.04,50.9
NCRP-2026-10412,Loan App Extortion,57128,6,2,30,Gurugram Cyber City Commercial Outlets,Cyber Crime Police Station East Gurugram,ACP Priyanshu Dewan,+91 124 221 1100,28.47975,77.09646,65.64,49.2
NCRP-2026-10413,Part-Time Job / Task Fraud,21120,3,2,32,Janakpuri District Commercial Center,West District Cyber Police Station,Inspector Kuldeep Rawat,+91 11 2550 3322,28.61978,77.0769,77.54,49.5
NCRP-2026-10414,Part-Time Job / Task Fraud,168439,13,1,24,Janakpuri District Commercial Center,West District Cyber Police Station,Inspector Kuldeep Rawat,+91 11 2550 3322,28.60973,77.10177,71.84,63.3
NCRP-2026-10415,Investment / Ponzi Fraud,82131,9,2,59,Laxmi Nagar / Shakarpur Hub,East Delhi Cyber Police Station,Inspector Vikramaditya Sharma,+91 11 2244 5566,28.63156,77.27239,82.23,53.4
NCRP-2026-10416,Investment / Ponzi Fraud,12625,14,3,17,Laxmi Nagar / Shakarpur Hub,East Delhi Cyber Police Station,Inspector Vikramaditya Sharma,+91 11 2244 5566,28.62658,77.26726,85.51,46.3
NCRP-2026-10417,Part-Time Job / Task Fraud,51737,15,1,21,Laxmi Nagar / Shakarpur Hub,East Delhi Cyber Police Station,Inspector Vikramaditya Sharma,+91 11 2244 5566,28.63141,77.27142,86.71,55.1
NCRP-2026-10418,Loan App Extortion,12332,10,2,39,Laxmi Nagar / Shakarpur Hub,East Delhi Cyber Police Station,Inspector Vikramaditya Sharma,+91 11 2244 5566,28.64723,77.28207,90.98,51.4
NCRP-2026-10419,Loan App Extortion,13993,18,1,21,Connaught Place Financial Circle,New Delhi District Cyber Cell,ACP Rajesh Verma,+91 11 2374 8899,28.63932,77.19985,87.8,55.4
NCRP-2026-10420,Part-Time Job / Task Fraud,75218,15,1,13,Connaught Place Financial Circle,New Delhi District Cyber Cell,ACP Rajesh Verma,+91 11 2374 8899,28.63238,77.22076,81.85,59.9
NCRP-2026-10421,Investment / Ponzi Fraud,42226,11,1,17,Janakpuri District Commercial Center,West District Cyber Police Station,Inspector Kuldeep Rawat,+91 11 2550 3322,28.62599,77.10328,66.75,53.1
NCRP-2026-10422,Investment / Ponzi Fraud,75511,23,2,33,Connaught Place Financial Circle,New Delhi District Cyber Cell,ACP Rajesh Verma,+91 11 2374 8899,28.6324,77.21706,81.76,53.6
NCRP-2026-10423,Loan App Extortion,53180,18,2,20,Connaught Place Financial Circle,New Delhi District Cyber Cell,ACP Rajesh Verma,+91 11 2374 8899,28.62707,77.22949,90.31,55.1
NCRP-2026-10424,Impersonation / Vishing,35209,13,1,36,Gurugram Cyber City Commercial Outlets,Cyber Crime Police Station East Gurugram,ACP Priyanshu Dewan,+91 124 221 1100,28.49839,77.08287,74.52,52.9
NCRP-2026-10425,UPI / QR Code Scam,65314,10,2,39,Gurugram Cyber City Commercial Outlets,Cyber Crime Police Station East Gurugram,ACP Priyanshu Dewan,+91 124 221 1100,28.49055,77.08011,68.53,48.8
NCRP-2026-10426,Loan App Extortion,22718,23,2,27,Rohini Sector 10 District Hub,North-West District Cyber Cell,Inspector Devendra Hooda,+91 11 2705 4433,28.71097,77.10667,74.36,46.4
NCRP-2026-10427,Impersonation / Vishing,36585,20,2,24,Rohini Sector 10 District Hub,North-West District Cyber Cell,Inspector Devendra Hooda,+91 11 2705 4433,28.72537,77.10814,84.77,49.3
NCRP-2026-10428,Investment / Ponzi Fraud,20090,17,2,25,Gurugram Cyber City Commercial Outlets,Cyber Crime Police Station East Gurugram,ACP Priyanshu Dewan,+91 124 221 1100,28.49651,77.08655,69.28,44.0
NCRP-2026-10429,UPI / QR Code Scam,59132,16,2,22,Noida Sector 18 Commercial Hub,Noida Cyber Police Station (Sec 108),DSP Sunil Kumar,+91 120 256 7890,28.56367,77.32551,75.79,53.1
NCRP-2026-10430,UPI / QR Code Scam,120663,1,2,35,Laxmi Nagar / Shakarpur Hub,East Delhi Cyber Police Station,Inspector Vikramaditya Sharma,+91 11 2244 5566,28.63223,77.28589,92.88,61.8
NCRP-2026-10431,UPI / QR Code Scam,21072,22,2,78,Noida Sector 18 Commercial Hub,Noida Cyber Police Station (Sec 108),DSP Sunil Kumar,+91 120 256 7890,28.56622,77.31968,72.52,43.1
NCRP-2026-10432,Impersonation / Vishing,26653,19,2,12,Laxmi Nagar / Shakarpur Hub,East Delhi Cyber Police Station,Inspector Vikramaditya Sharma,+91 11 2244 5566,28.61849,77.27805,93.92,53.7
NCRP-2026-10433,UPI / QR Code Scam,64387,1,3,22,Janakpuri District Commercial Center,West District Cyber Police Station,Inspector Kuldeep Rawat,+91 11 2550 3322,28.64033,77.07596,70.74,46.7
NCRP-2026-10434,Impersonation / Vishing,131365,8,3,17,Laxmi Nagar / Shakarpur Hub,East Delhi Cyber Police Station,Inspector Vikramaditya Sharma,+91 11 2244 5566,28.61589,77.26883,81.23,52.1
NCRP-2026-10435,Investment / Ponzi Fraud,82591,17,1,26,Gurugram Cyber City Commercial Outlets,Cyber Crime Police Station East Gurugram,ACP Priyanshu Dewan,+91 124 221 1100,28.50324,77.0839,69.94,53.2
NCRP-2026-10436,UPI / QR Code Scam,78366,18,2,28,Connaught Place Financial Circle,New Delhi District Cyber Cell,ACP Rajesh Verma,+91 11 2374 8899,28.64668,77.20912,81.1,54.9
NCRP-2026-10437,Investment / Ponzi Fraud,103580,16,2,25,Connaught Place Financial Circle,New Delhi District Cyber Cell,ACP Rajesh Verma,+91 11 2374 8899,28.63487,77.21883,82.23,55.7
NCRP-2026-10438,Part-Time Job / Task Fraud,114167,12,3,35,Connaught Place Financial Circle,New Delhi District Cyber Cell,ACP Rajesh Verma,+91 11 2374 8899,28.63942,77.212,84.2,55.0
NCRP-2026-10439,Investment / Ponzi Fraud,44715,23,1,17,Gurugram Cyber City Commercial Outlets,Cyber Crime Police Station East Gurugram,ACP Priyanshu Dewan,+91 124 221 1100,28.48612,77.09934,63.76,49.8
NCRP-2026-10440,Impersonation / Vishing,79681,7,3,46,Janakpuri District Commercial Center,West District Cyber Police Station,Inspector Kuldeep Rawat,+91 11 2550 3322,28.63144,77.07774,69.18,43.8
NCRP-2026-10441,Loan App Extortion,24538,2,1,29,Rohini Sector 10 District Hub,North-West District Cyber Cell,Inspector Devendra Hooda,+91 11 2705 4433,28.72266,77.12391,74.4,52.4
NCRP-2026-10442,Investment / Ponzi Fraud,60536,3,2,24,Laxmi Nagar / Shakarpur Hub,East Delhi Cyber Police Station,Inspector Vikramaditya Sharma,+91 11 2244 5566,28.63471,77.28513,80.26,53.0
NCRP-2026-10443,Part-Time Job / Task Fraud,32547,16,1,33,Rohini Sector 10 District Hub,North-West District Cyber Cell,Inspector Devendra Hooda,+91 11 2705 4433,28.72565,77.12316,70.95,51.1
NCRP-2026-10444,Impersonation / Vishing,59898,7,2,46,Laxmi Nagar / Shakarpur Hub,East Delhi Cyber Police Station,Inspector Vikramaditya Sharma,+91 11 2244 5566,28.63098,77.2788,89.37,55.6
NCRP-2026-10445,Impersonation / Vishing,196026,14,2,32,Laxmi Nagar / Shakarpur Hub,East Delhi Cyber Police Station,Inspector Vikramaditya Sharma,+91 11 2244 5566,28.63059,77.27519,79.47,61.2
NCRP-2026-10446,Loan App Extortion,13260,21,2,49,Laxmi Nagar / Shakarpur Hub,East Delhi Cyber Police Station,Inspector Vikramaditya Sharma,+91 11 2244 5566,28.62864,77.26941,87.43,51.1
NCRP-2026-10447,UPI / QR Code Scam,95810,16,1,31,Noida Sector 18 Commercial Hub,Noida Cyber Police Station (Sec 108),DSP Sunil Kumar,+91 120 256 7890,28.56582,77.33066,80.17,58.3
NCRP-2026-10448,Investment / Ponzi Fraud,31157,8,2,51,Gurugram Cyber City Commercial Outlets,Cyber Crime Police Station East Gurugram,ACP Priyanshu Dewan,+91 124 221 1100,28.50155,77.08852,67.73,44.7
NCRP-2026-10449,UPI / QR Code Scam,19185,5,2,34,Gurugram Cyber City Commercial Outlets,Cyber Crime Police Station East Gurugram,ACP Priyanshu Dewan,+91 124 221 1100,28.49903,77.09494,70.52,45.7
NCRP-2026-10450,Impersonation / Vishing,33486,0,2,26,Laxmi Nagar / Shakarpur Hub,East Delhi Cyber Police Station,Inspector Vikramaditya Sharma,+91 11 2244 5566,28.61298,77.27873,86.18,52.3
NCRP-2026-10451,Part-Time Job / Task Fraud,114962,17,3,32,Rohini Sector 10 District Hub,North-West District Cyber Cell,Inspector Devendra Hooda,+91 11 2705 4433,28.72359,77.11925,74.91,52.0
NCRP-2026-10452,Investment / Ponzi Fraud,118798,16,3,32,Noida Sector 18 Commercial Hub,Noida Cyber Police Station (Sec 108),DSP Sunil Kumar,+91 120 256 7890,28.57808,77.32032,75.75,51.5
NCRP-2026-10453,Impersonation / Vishing,37944,22,1,17,Connaught Place Financial Circle,New Delhi District Cyber Cell,ACP Rajesh Verma,+91 11 2374 8899,28.62079,77.21798,73.99,53.0
NCRP-2026-10454,Investment / Ponzi Fraud,30724,17,1,15,Rohini Sector 10 District Hub,North-West District Cyber Cell,Inspector Devendra Hooda,+91 11 2705 4433,28.7257,77.11577,70.31,50.4
NCRP-2026-10455,Part-Time Job / Task Fraud,14052,18,2,19,Rohini Sector 10 District Hub,North-West District Cyber Cell,Inspector Devendra Hooda,+91 11 2705 4433,28.71735,77.12513,76.68,46.2
NCRP-2026-10456,Part-Time Job / Task Fraud,26716,14,3,82,Noida Sector 18 Commercial Hub,Noida Cyber Police Station (Sec 108),DSP Sunil Kumar,+91 120 256 7890,28.56949,77.3277,72.95,37.4
NCRP-2026-10457,Impersonation / Vishing,77251,19,2,24,Connaught Place Financial Circle,New Delhi District Cyber Cell,ACP Rajesh Verma,+91 11 2374 8899,28.64307,77.21683,78.22,53.2
NCRP-2026-10458,Impersonation / Vishing,105841,4,1,22,Laxmi Nagar / Shakarpur Hub,East Delhi Cyber Police Station,Inspector Vikramaditya Sharma,+91 11 2244 5566,28.63761,77.28578,89.08,65.4
NCRP-2026-10459,Investment / Ponzi Fraud,17892,8,2,41,Connaught Place Financial Circle,New Delhi District Cyber Cell,ACP Rajesh Verma,+91 11 2374 8899,28.62209,77.2206,84.17,52.0
NCRP-2026-10460,Loan App Extortion,60481,6,2,37,Laxmi Nagar / Shakarpur Hub,East Delhi Cyber Police Station,Inspector Vikramaditya Sharma,+91 11 2244 5566,28.6204,77.26844,91.7,55.4
NCRP-2026-10461,UPI / QR Code Scam,27826,11,2,16,Laxmi Nagar / Shakarpur Hub,East Delhi Cyber Police Station,Inspector Vikramaditya Sharma,+91 11 2244 5566,28.62549,77.27162,93.62,54.8
NCRP-2026-10462,Part-Time Job / Task Fraud,33758,17,3,55,Laxmi Nagar / Shakarpur Hub,East Delhi Cyber Police Station,Inspector Vikramaditya Sharma,+91 11 2244 5566,28.61279,77.25891,83.57,45.3
NCRP-2026-10463,Impersonation / Vishing,23774,5,1,13,Connaught Place Financial Circle,New Delhi District Cyber Cell,ACP Rajesh Verma,+91 11 2374 8899,28.63264,77.21208,82.89,54.1
NCRP-2026-10464,Impersonation / Vishing,93652,3,3,40,Janakpuri District Commercial Center,West District Cyber Police Station,Inspector Kuldeep Rawat,+91 11 2550 3322,28.61041,77.08316,68.77,47.4
NCRP-2026-10465,Loan App Extortion,19089,4,2,31,Noida Sector 18 Commercial Hub,Noida Cyber Police Station (Sec 108),DSP Sunil Kumar,+91 120 256 7890,28.55968,77.32726,77.36,48.9
NCRP-2026-10466,Part-Time Job / Task Fraud,116387,8,1,12,Gurugram Cyber City Commercial Outlets,Cyber Crime Police Station East Gurugram,ACP Priyanshu Dewan,+91 124 221 1100,28.50014,77.10158,67.98,55.8
NCRP-2026-10467,Investment / Ponzi Fraud,172920,17,3,11,Gurugram Cyber City Commercial Outlets,Cyber Crime Police Station East Gurugram,ACP Priyanshu Dewan,+91 124 221 1100,28.48045,77.08238,69.93,57.6
NCRP-2026-10468,UPI / QR Code Scam,88978,20,2,37,Noida Sector 18 Commercial Hub,Noida Cyber Police Station (Sec 108),DSP Sunil Kumar,+91 120 256 7890,28.56766,77.33401,69.92,50.6
NCRP-2026-10469,Investment / Ponzi Fraud,39923,6,2,15,Laxmi Nagar / Shakarpur Hub,East Delhi Cyber Police Station,Inspector Vikramaditya Sharma,+91 11 2244 5566,28.64375,77.26976,89.95,54.0
NCRP-2026-10470,Loan App Extortion,11361,19,1,26,Laxmi Nagar / Shakarpur Hub,East Delhi Cyber Police Station,Inspector Vikramaditya Sharma,+91 11 2244 5566,28.62719,77.2975,90.19,56.5
NCRP-2026-10471,Loan App Extortion,67076,11,1,42,Gurugram Cyber City Commercial Outlets,Cyber Crime Police Station East Gurugram,ACP Priyanshu Dewan,+91 124 221 1100,28.51331,77.09496,63.25,51.9
NCRP-2026-10472,Loan App Extortion,106741,13,2,54,Rohini Sector 10 District Hub,North-West District Cyber Cell,Inspector Devendra Hooda,+91 11 2705 4433,28.73116,77.11412,69.67,52.9
NCRP-2026-10473,Impersonation / Vishing,55479,18,1,81,Laxmi Nagar / Shakarpur Hub,East Delhi Cyber Police Station,Inspector Vikramaditya Sharma,+91 11 2244 5566,28.63846,77.2729,93.59,56.4
NCRP-2026-10474,Impersonation / Vishing,20033,2,1,33,Laxmi Nagar / Shakarpur Hub,East Delhi Cyber Police Station,Inspector Vikramaditya Sharma,+91 11 2244 5566,28.6347,77.28073,95.35,55.6
NCRP-2026-10475,Part-Time Job / Task Fraud,100556,5,3,18,Connaught Place Financial Circle,New Delhi District Cyber Cell,ACP Rajesh Verma,+91 11 2374 8899,28.64484,77.21767,89.56,51.3
NCRP-2026-10476,Loan App Extortion,12713,16,1,33,Gurugram Cyber City Commercial Outlets,Cyber Crime Police Station East Gurugram,ACP Priyanshu Dewan,+91 124 221 1100,28.48168,77.09105,60.44,45.1
NCRP-2026-10477,Impersonation / Vishing,124313,17,2,29,Laxmi Nagar / Shakarpur Hub,East Delhi Cyber Police Station,Inspector Vikramaditya Sharma,+91 11 2244 5566,28.63866,77.28539,88.5,62.7
NCRP-2026-10478,Loan App Extortion,43646,7,1,35,Rohini Sector 10 District Hub,North-West District Cyber Cell,Inspector Devendra Hooda,+91 11 2705 4433,28.7268,77.12782,72.35,51.9
NCRP-2026-10479,Part-Time Job / Task Fraud,38787,20,3,24,Laxmi Nagar / Shakarpur Hub,East Delhi Cyber Police Station,Inspector Vikramaditya Sharma,+91 11 2244 5566,28.64579,77.2711,91.45,51.7
NCRP-2026-10480,Investment / Ponzi Fraud,30498,22,1,30,Rohini Sector 10 District Hub,North-West District Cyber Cell,Inspector Devendra Hooda,+91 11 2705 4433,28.71566,77.11033,72.98,49.4
NCRP-2026-10481,Loan App Extortion,57620,6,2,18,Laxmi Nagar / Shakarpur Hub,East Delhi Cyber Police Station,Inspector Vikramaditya Sharma,+91 11 2244 5566,28.63054,77.28108,87.49,55.2
NCRP-2026-10482,UPI / QR Code Scam,83212,9,2,52,Connaught Place Financial Circle,New Delhi District Cyber Cell,ACP Rajesh Verma,+91 11 2374 8899,28.63168,77.20546,81.15,53.0
NCRP-2026-10483,Part-Time Job / Task Fraud,31247,17,1,19,Connaught Place Financial Circle,New Delhi District Cyber Cell,ACP Rajesh Verma,+91 11 2374 8899,28.63951,77.21929,80.73,54.6
NCRP-2026-10484,Investment / Ponzi Fraud,26745,3,3,15,Noida Sector 18 Commercial Hub,Noida Cyber Police Station (Sec 108),DSP Sunil Kumar,+91 120 256 7890,28.57646,77.34799,82.03,49.2
NCRP-2026-10485,Investment / Ponzi Fraud,12893,7,1,14,Connaught Place Financial Circle,New Delhi District Cyber Cell,ACP Rajesh Verma,+91 11 2374 8899,28.63564,77.21493,82.7,53.4
NCRP-2026-10486,Loan App Extortion,46153,11,3,31,Connaught Place Financial Circle,New Delhi District Cyber Cell,ACP Rajesh Verma,+91 11 2374 8899,28.63304,77.22586,88.68,49.4
NCRP-2026-10487,Impersonation / Vishing,52861,15,1,42,Laxmi Nagar / Shakarpur Hub,East Delhi Cyber Police Station,Inspector Vikramaditya Sharma,+91 11 2244 5566,28.63408,77.27886,90.52,57.3
NCRP-2026-10488,Investment / Ponzi Fraud,17037,17,3,79,Rohini Sector 10 District Hub,North-West District Cyber Cell,Inspector Devendra Hooda,+91 11 2705 4433,28.7179,77.12117,73.86,39.6
NCRP-2026-10489,Impersonation / Vishing,42137,10,2,11,Connaught Place Financial Circle,New Delhi District Cyber Cell,ACP Rajesh Verma,+91 11 2374 8899,28.63608,77.21106,80.7,50.5
NCRP-2026-10490,UPI / QR Code Scam,37713,15,3,12,Laxmi Nagar / Shakarpur Hub,East Delhi Cyber Police Station,Inspector Vikramaditya Sharma,+91 11 2244 5566,28.63547,77.27171,84.4,48.1
NCRP-2026-10491,Part-Time Job / Task Fraud,98470,4,4,24,Noida Sector 18 Commercial Hub,Noida Cyber Police Station (Sec 108),DSP Sunil Kumar,+91 120 256 7890,28.56915,77.33208,72.7,48.8
NCRP-2026-10492,Part-Time Job / Task Fraud,30186,23,2,17,Connaught Place Financial Circle,New Delhi District Cyber Cell,ACP Rajesh Verma,+91 11 2374 8899,28.63059,77.21847,75.51,49.7
NCRP-2026-10493,UPI / QR Code Scam,38504,20,1,51,Connaught Place Financial Circle,New Delhi District Cyber Cell,ACP Rajesh Verma,+91 11 2374 8899,28.6412,77.21275,78.89,52.9
NCRP-2026-10494,Investment / Ponzi Fraud,139055,19,1,14,Laxmi Nagar / Shakarpur Hub,East Delhi Cyber Police Station,Inspector Vikramaditya Sharma,+91 11 2244 5566,28.62394,77.26932,87.61,66.4
NCRP-2026-10495,UPI / QR Code Scam,18228,16,1,39,Laxmi Nagar / Shakarpur Hub,East Delhi Cyber Police Station,Inspector Vikramaditya Sharma,+91 11 2244 5566,28.63806,77.27896,81.51,51.0
NCRP-2026-10496,Part-Time Job / Task Fraud,32963,7,1,51,Rohini Sector 10 District Hub,North-West District Cyber Cell,Inspector Devendra Hooda,+91 11 2705 4433,28.71365,77.11549,75.19,50.4
NCRP-2026-10497,Part-Time Job / Task Fraud,40521,11,2,43,Noida Sector 18 Commercial Hub,Noida Cyber Police Station (Sec 108),DSP Sunil Kumar,+91 120 256 7890,28.57385,77.32849,82.32,50.0
NCRP-2026-10498,Loan App Extortion,36992,11,1,31,Noida Sector 18 Commercial Hub,Noida Cyber Police Station (Sec 108),DSP Sunil Kumar,+91 120 256 7890,28.57149,77.32002,83.05,54.8
NCRP-2026-10499,Loan App Extortion,101458,18,1,23,Connaught Place Financial Circle,New Delhi District Cyber Cell,ACP Rajesh Verma,+91 11 2374 8899,28.63207,77.1963,81.01,58.6
